<DATE>	<TIME>	<OPEN>	<HIGH>	<LOW>	<CLOSE>	<TICKVOL>	<VOL>	<SPREAD>
2025.04.07	01:00:00	3008.13	3024.33	3008.01	3017.93	126	0	50
2025.04.07	01:01:00	3032.73	3036.38	3021.11	3022.28	193	0	50
2025.04.07	01:02:00	3022.15	3029.54	3022.12	3029.04	161	0	13
2025.04.07	01:03:00	3029.04	3031.92	3027.04	3031.75	188	0	0
2025.04.07	01:04:00	3031.75	3032.30	3029.23	3029.63	137	0	13
2025.04.07	01:05:00	3029.63	3029.63	3015.26	3016.70	48	0	50
2025.04.07	01:06:00	2999.37	3016.70	2973.05	3006.89	34	0	24
2025.04.07	01:07:00	3003.74	3019.95	2996.26	3018.88	31	0	50
2025.04.07	01:08:00	3018.88	3024.81	3009.87	3015.52	133	0	50
2025.04.07	01:09:00	3016.27	3016.97	3011.60	3013.69	35	0	112
2025.04.07	01:10:00	3014.30	3019.21	3014.30	3019.21	42	0	134
2025.04.07	01:11:00	3022.01	3023.66	3020.79	3022.92	45	0	5
2025.04.07	01:12:00	3022.83	3027.31	3020.79	3026.16	29	0	19
2025.04.07	01:13:00	3026.30	3028.96	3026.30	3028.44	76	0	35
2025.04.07	01:14:00	3028.28	3032.16	3027.98	3031.91	96	0	25
2025.04.07	01:15:00	3031.77	3031.83	3025.55	3027.52	68	0	18
2025.04.07	01:16:00	3027.54	3028.53	3025.44	3025.64	82	0	60
2025.04.07	01:17:00	3025.69	3026.61	3019.18	3019.73	99	0	41
2025.04.07	01:18:00	3019.67	3022.31	3019.03	3021.50	91	0	60
2025.04.07	01:19:00	3021.38	3022.44	3019.88	3020.54	73	0	43
2025.04.07	01:20:00	3020.57	3022.54	3018.11	3018.11	86	0	109
2025.04.07	01:21:00	3018.11	3018.21	3013.73	3014.04	82	0	54
2025.04.07	01:22:00	3014.06	3014.06	3000.79	3005.44	72	0	84
2025.04.07	01:23:00	3005.44	3013.74	3005.44	3013.74	34	0	74
2025.04.07	01:24:00	3013.74	3015.14	3011.54	3011.54	31	0	93
2025.04.07	01:25:00	3011.54	3016.66	3011.54	3015.84	22	0	123
2025.04.07	01:26:00	3015.04	3016.34	3012.04	3016.24	18	0	144
2025.04.07	01:27:00	3013.90	3015.54	3013.67	3014.76	25	0	93
2025.04.07	01:28:00	3015.04	3015.99	3014.19	3014.19	22	0	118
2025.04.07	01:29:00	3014.26	3014.79	3012.75	3014.69	31	0	128
2025.04.07	01:30:00	3014.11	3015.99	3006.86	3008.92	63	0	81
2025.04.07	01:31:00	3008.86	3012.30	3008.86	3010.08	48	0	119
2025.04.07	01:32:00	3009.81	3010.91	3009.32	3010.10	23	0	156
2025.04.07	01:33:00	3010.09	3011.41	3010.09	3010.74	37	0	143
2025.04.07	01:34:00	3010.75	3012.50	3010.75	3012.39	26	0	159
2025.04.07	01:35:00	3011.88	3014.23	3011.77	3013.64	20	0	179
2025.04.07	01:36:00	3013.90	3017.21	3013.90	3016.90	33	0	64
2025.04.07	01:37:00	3016.83	3016.83	3012.86	3013.82	31	0	63
2025.04.07	01:38:00	3013.82	3016.52	3012.59	3016.52	65	0	98
2025.04.07	01:39:00	3016.46	3019.69	3015.79	3019.03	76	0	114
2025.04.07	01:40:00	3019.31	3021.44	3019.01	3020.82	100	0	104
2025.04.07	01:41:00	3020.44	3020.53	3015.47	3015.82	80	0	76
2025.04.07	01:42:00	3015.88	3016.09	3012.28	3012.41	86	0	84
2025.04.07	01:43:00	3012.42	3015.27	3012.42	3013.93	76	0	84
2025.04.07	01:44:00	3013.93	3016.24	3012.74	3016.24	86	0	95
2025.04.07	01:45:00	3015.98	3017.00	3014.30	3014.32	29	0	10
2025.04.07	01:46:00	3014.32	3015.23	3009.78	3011.91	45	0	23
2025.04.07	01:47:00	3011.25	3013.87	3011.21	3013.78	36	0	130
2025.04.07	01:48:00	3013.36	3014.37	3012.04	3014.02	45	0	68
2025.04.07	01:49:00	3014.01	3017.28	3013.59	3014.76	85	0	78
2025.04.07	01:50:00	3014.78	3015.39	3013.59	3015.22	31	0	107
2025.04.07	01:51:00	3015.35	3015.55	3005.86	3006.02	29	0	85
2025.04.07	01:52:00	3007.39	3009.56	3006.80	3009.55	59	0	125
2025.04.07	01:53:00	3009.57	3010.65	3009.48	3010.55	38	0	56
2025.04.07	01:54:00	3010.55	3011.99	3007.91	3009.07	56	0	63
2025.04.07	01:55:00	3009.04	3009.06	3007.52	3007.89	36	0	100
2025.04.07	01:56:00	3009.60	3009.61	3009.21	3009.56	15	0	74
2025.04.07	01:57:00	3009.56	3010.07	3009.13	3010.07	10	0	74
2025.04.07	01:58:00	3009.62	3010.14	3008.31	3008.35	17	0	77
2025.04.07	01:59:00	3008.39	3009.83	3008.39	3009.39	21	0	47
2025.04.07	02:00:00	3009.44	3015.18	3008.57	3015.18	55	0	80
2025.04.07	02:01:00	3014.87	3015.03	3012.96	3013.50	34	0	79
2025.04.07	02:02:00	3013.50	3014.57	3013.50	3014.57	17	0	86
2025.04.07	02:03:00	3014.57	3014.96	3014.30	3014.63	28	0	102
2025.04.07	02:04:00	3014.24	3014.24	3011.85	3013.96	26	0	124
2025.04.07	02:05:00	3013.96	3013.96	3013.67	3013.70	7	0	103
2025.04.07	02:06:00	3013.70	3015.58	3013.70	3015.14	38	0	98
2025.04.07	02:07:00	3015.13	3016.60	3015.13	3016.60	27	0	29
2025.04.07	02:08:00	3013.36	3016.38	3013.23	3015.57	36	0	74
2025.04.07	02:09:00	3015.67	3015.67	3011.81	3012.26	30	0	84
2025.04.07	02:10:00	3012.37	3013.48	3011.59	3012.67	30	0	73
2025.04.07	02:11:00	3012.92	3012.98	3009.53	3010.59	39	0	53
2025.04.07	02:12:00	3010.29	3010.98	3006.55	3008.29	59	0	43
2025.04.07	02:13:00	3006.95	3009.85	3004.27	3009.02	89	0	57
2025.04.07	02:14:00	3009.00	3010.95	3008.06	3008.66	66	0	25
2025.04.07	02:15:00	3008.46	3008.63	3005.14	3005.88	46	0	63
2025.04.07	02:16:00	3004.85	3006.43	3004.85	3005.01	42	0	73
2025.04.07	02:17:00	3005.35	3008.41	3005.35	3006.87	44	0	64
2025.04.07	02:18:00	3006.92	3007.39	3003.61	3003.61	62	0	7
2025.04.07	02:19:00	3004.28	3004.34	2998.21	2999.05	113	0	52
2025.04.07	02:20:00	2998.94	2999.21	2997.02	2997.78	77	0	54
2025.04.07	02:21:00	2997.65	2999.07	2995.21	2999.07	84	0	64
2025.04.07	02:22:00	2998.67	2999.37	2987.38	2988.47	89	0	63
2025.04.07	02:23:00	2988.19	2997.88	2987.97	2996.55	87	0	43
2025.04.07	02:24:00	2996.47	2996.47	2991.20	2991.26	55	0	63
2025.04.07	02:25:00	2992.75	2993.70	2990.67	2990.70	55	0	44
2025.04.07	02:26:00	2990.89	2993.55	2989.02	2993.50	97	0	54
2025.04.07	02:27:00	2993.20	2993.29	2985.95	2988.04	84	0	74
2025.04.07	02:28:00	2988.04	2989.57	2982.34	2989.36	104	0	43
2025.04.07	02:29:00	2989.54	2989.54	2982.43	2984.51	77	0	61
2025.04.07	02:30:00	2984.97	2985.86	2981.35	2983.85	88	0	53
2025.04.07	02:31:00	2984.88	2987.02	2981.75	2981.75	68	0	63
2025.04.07	02:32:00	2982.26	2983.62	2977.46	2979.82	91	0	53
2025.04.07	02:33:00	2979.82	2984.69	2979.82	2984.69	80	0	54
2025.04.07	02:34:00	2983.90	2987.18	2979.01	2980.75	103	0	5
2025.04.07	02:35:00	2980.78	2985.60	2980.00	2984.42	89	0	53
2025.04.07	02:36:00	2984.09	2984.22	2981.99	2981.99	70	0	39
2025.04.07	02:37:00	2982.00	2982.11	2979.50	2980.13	49	0	20
2025.04.07	02:38:00	2980.17	2981.29	2976.41	2978.64	95	0	33
2025.04.07	02:39:00	2978.60	2982.81	2978.60	2980.42	76	0	43
2025.04.07	02:40:00	2980.32	2985.49	2980.32	2983.15	83	0	24
2025.04.07	02:41:00	2983.15	2988.64	2982.95	2988.47	80	0	44
2025.04.07	02:42:00	2988.29	2990.53	2984.33	2989.59	69	0	17
2025.04.07	02:43:00	2989.52	2989.52	2986.61	2989.05	75	0	78
2025.04.07	02:44:00	2989.04	2989.35	2986.36	2987.44	32	0	63
2025.04.07	02:45:00	2987.87	2989.18	2984.22	2984.22	64	0	23
2025.04.07	02:46:00	2984.60	2987.40	2984.45	2986.85	76	0	26
2025.04.07	02:47:00	2986.78	2988.42	2985.71	2987.24	63	0	24
2025.04.07	02:48:00	2987.24	2993.61	2986.91	2993.61	63	0	34
2025.04.07	02:49:00	2993.62	2997.98	2992.50	2995.64	114	0	12
2025.04.07	02:50:00	2995.42	2999.92	2994.08	2994.34	92	0	17
2025.04.07	02:51:00	2994.79	2995.26	2990.51	2991.38	100	0	43
2025.04.07	02:52:00	2991.39	2992.38	2990.01	2991.98	72	0	74
2025.04.07	02:53:00	2990.97	2992.98	2988.85	2992.50	85	0	23
2025.04.07	02:54:00	2993.00	2995.06	2992.04	2993.13	85	0	34
2025.04.07	02:55:00	2993.51	2997.06	2993.42	2995.56	80	0	23
2025.04.07	02:56:00	2995.11	2995.97	2993.49	2995.00	69	0	59
2025.04.07	02:57:00	2994.78	2999.90	2994.68	2997.25	72	0	23
2025.04.07	02:58:00	2997.53	3001.51	2997.42	3000.08	110	0	17
2025.04.07	02:59:00	3000.20	3001.86	2998.31	2999.93	100	0	34
2025.04.07	03:00:00	2999.32	3007.02	2998.98	3005.24	122	0	17
2025.04.07	03:01:00	3005.50	3009.42	3002.26	3005.98	113	0	15
2025.04.07	03:02:00	3005.84	3008.93	3005.06	3007.55	107	0	11
2025.04.07	03:03:00	3007.35	3007.35	3000.18	3001.29	95	0	52
2025.04.07	03:04:00	3001.32	3002.74	2999.20	2999.41	97	0	22
2025.04.07	03:05:00	2998.79	3002.36	2998.79	3002.11	105	0	30
2025.04.07	03:06:00	3002.17	3002.17	2995.06	2995.06	100	0	43
2025.04.07	03:07:00	2995.12	2997.61	2992.66	2994.63	97	0	54
2025.04.07	03:08:00	2994.51	2994.61	2989.18	2992.06	94	0	5
2025.04.07	03:09:00	2992.19	2993.16	2985.63	2987.44	116	0	48
2025.04.07	03:10:00	2987.15	2987.75	2970.37	2978.13	103	0	37
2025.04.07	03:11:00	2978.63	2984.32	2978.56	2983.96	59	0	30
2025.04.07	03:12:00	2983.93	2985.73	2977.42	2977.42	94	0	37
2025.04.07	03:13:00	2977.49	2981.96	2976.97	2980.16	108	0	31
2025.04.07	03:14:00	2979.75	2981.38	2978.92	2981.10	98	0	19
2025.04.07	03:15:00	2980.43	2980.97	2975.06	2976.77	109	0	18
2025.04.07	03:16:00	2976.13	2984.18	2976.13	2983.64	86	0	36
2025.04.07	03:17:00	2983.55	2989.38	2983.31	2987.38	86	0	36
2025.04.07	03:18:00	2986.86	2989.94	2985.89	2987.25	95	0	26
2025.04.07	03:19:00	2987.51	2989.96	2985.47	2987.00	82	0	17
2025.04.07	03:20:00	2986.93	2990.78	2986.05	2990.78	101	0	23
2025.04.07	03:21:00	2990.99	2991.03	2987.05	2987.67	91	0	53
2025.04.07	03:22:00	2987.62	2988.31	2983.46	2984.37	98	0	29
2025.04.07	03:23:00	2984.24	2986.18	2983.04	2983.75	78	0	34
2025.04.07	03:24:00	2983.26	2984.06	2981.51	2983.43	70	0	5
2025.04.07	03:25:00	2983.57	2983.68	2981.88	2981.92	68	0	47
2025.04.07	03:26:00	2981.75	2987.39	2981.75	2985.27	79	0	9
2025.04.07	03:27:00	2985.01	2985.85	2983.08	2983.36	81	0	20
2025.04.07	03:28:00	2983.34	2985.59	2983.19	2984.57	51	0	70
2025.04.07	03:29:00	2984.75	2986.36	2983.55	2985.05	86	0	45
2025.04.07	03:30:00	2985.04	2988.46	2980.70	2981.12	96	0	24
2025.04.07	03:31:00	2981.09	2983.13	2979.20	2983.11	93	0	18
2025.04.07	03:32:00	2983.22	2984.33	2981.42	2982.84	50	0	63
2025.04.07	03:33:00	2982.80	2983.84	2980.72	2982.60	75	0	48
2025.04.07	03:34:00	2982.16	2985.25	2982.16	2985.25	70	0	55
2025.04.07	03:35:00	2985.27	2988.44	2985.05	2987.91	68	0	64
2025.04.07	03:36:00	2987.37	2990.44	2985.87	2989.68	87	0	54
2025.04.07	03:37:00	2989.75	2991.95	2989.75	2991.95	71	0	43
2025.04.07	03:38:00	2991.94	2992.64	2988.43	2989.81	74	0	42
2025.04.07	03:39:00	2989.81	2989.81	2987.04	2987.53	94	0	17
2025.04.07	03:40:00	2987.59	2989.17	2986.68	2988.06	77	0	18
2025.04.07	03:41:00	2988.04	2988.69	2986.42	2986.83	72	0	23
2025.04.07	03:42:00	2986.60	2986.82	2980.10	2982.61	109	0	17
2025.04.07	03:43:00	2982.78	2987.12	2981.62	2986.91	89	0	17
2025.04.07	03:44:00	2986.79	2986.79	2982.69	2982.71	60	0	17
2025.04.07	03:45:00	2982.32	2983.15	2980.68	2981.23	68	0	45
2025.04.07	03:46:00	2981.23	2982.20	2977.37	2977.37	70	0	53
2025.04.07	03:47:00	2977.38	2978.39	2972.34	2978.39	112	0	35
2025.04.07	03:48:00	2978.92	2980.74	2978.36	2980.48	84	0	38
2025.04.07	03:49:00	2980.58	2980.88	2978.01	2980.81	77	0	63
2025.04.07	03:50:00	2980.43	2984.58	2980.37	2981.34	81	0	66
2025.04.07	03:51:00	2981.54	2981.87	2979.57	2980.28	63	0	23
2025.04.07	03:52:00	2980.29	2980.39	2977.99	2978.76	67	0	41
2025.04.07	03:53:00	2979.94	2981.86	2979.94	2981.86	76	0	45
2025.04.07	03:54:00	2981.93	2982.53	2980.81	2981.09	76	0	62
2025.04.07	03:55:00	2981.57	2985.43	2981.39	2984.95	103	0	17
2025.04.07	03:56:00	2985.06	2986.99	2984.83	2986.77	84	0	47
2025.04.07	03:57:00	2986.78	2988.72	2985.44	2986.36	90	0	19
2025.04.07	03:58:00	2986.48	2988.35	2982.78	2983.26	92	0	17
2025.04.07	03:59:00	2983.43	2983.85	2978.05	2978.75	114	0	18
2025.04.07	04:00:00	2978.29	2984.93	2972.36	2984.67	135	0	18
2025.04.07	04:01:00	2984.90	2994.98	2984.90	2986.70	143	0	18
2025.04.07	04:02:00	2986.29	2990.46	2985.18	2985.95	119	0	34
2025.04.07	04:03:00	2985.82	2986.95	2982.24	2983.08	119	0	24
2025.04.07	04:04:00	2982.94	2983.73	2979.78	2979.93	99	0	32
2025.04.07	04:05:00	2979.58	2979.66	2971.76	2975.11	134	0	35
2025.04.07	04:06:00	2975.26	2979.68	2973.58	2979.68	118	0	52
2025.04.07	04:07:00	2979.78	2990.19	2978.09	2990.12	122	0	43
2025.04.07	04:08:00	2990.66	2991.72	2986.47	2990.27	116	0	62
2025.04.07	04:09:00	2990.37	2994.87	2989.40	2993.01	111	0	15
2025.04.07	04:10:00	2992.87	2997.81	2991.92	2992.98	128	0	16
2025.04.07	04:11:00	2992.70	2995.33	2991.86	2993.64	105	0	18
2025.04.07	04:12:00	2993.68	3006.34	2993.68	3004.71	127	0	42
2025.04.07	04:13:00	3004.03	3008.66	3000.32	3007.79	132	0	70
2025.04.07	04:14:00	3007.81	3007.84	3002.47	3006.14	118	0	79
2025.04.07	04:15:00	3006.00	3011.81	3006.00	3008.17	130	0	63
2025.04.07	04:16:00	3007.31	3011.73	3006.26	3009.70	126	0	63
2025.04.07	04:17:00	3009.49	3014.14	3007.32	3012.00	110	0	63
2025.04.07	04:18:00	3012.15	3012.66	3006.85	3006.85	117	0	79
2025.04.07	04:19:00	3006.96	3013.19	3004.50	3012.80	123	0	33
2025.04.07	04:20:00	3012.81	3015.15	3009.68	3014.33	118	0	17
2025.04.07	04:21:00	3014.33	3016.67	3011.17	3013.41	122	0	8
2025.04.07	04:22:00	3013.56	3013.94	3009.91	3011.55	121	0	52
2025.04.07	04:23:00	3011.99	3014.53	3010.63	3011.80	124	0	26
2025.04.07	04:24:00	3011.51	3020.06	3011.51	3019.05	128	0	17
2025.04.07	04:25:00	3019.12	3019.75	3016.25	3016.66	129	0	17
2025.04.07	04:26:00	3016.65	3020.15	3015.72	3017.22	119	0	17
2025.04.07	04:27:00	3017.29	3019.65	3016.05	3019.15	110	0	23
2025.04.07	04:28:00	3018.93	3020.22	3016.02	3019.34	112	0	18
2025.04.07	04:29:00	3019.12	3020.53	3017.57	3018.86	120	0	18
2025.04.07	04:30:00	3018.81	3020.90	3016.13	3019.98	126	0	17
2025.04.07	04:31:00	3020.06	3021.44	3016.79	3019.94	117	0	46
2025.04.07	04:32:00	3019.48	3028.03	3018.82	3027.43	119	0	33
2025.04.07	04:33:00	3027.13	3030.45	3025.29	3027.53	125	0	44
2025.04.07	04:34:00	3027.35	3028.89	3025.92	3028.66	108	0	48
2025.04.07	04:35:00	3029.64	3032.20	3026.39	3026.54	128	0	31
2025.04.07	04:36:00	3026.57	3029.29	3024.02	3024.72	124	0	36
2025.04.07	04:37:00	3024.59	3026.95	3021.27	3021.87	121	0	28
2025.04.07	04:38:00	3021.82	3029.51	3021.35	3029.51	113	0	17
2025.04.07	04:39:00	3029.33	3049.55	3029.33	3048.59	130	0	18
2025.04.07	04:40:00	3048.78	3048.93	3038.27	3041.35	146	0	24
2025.04.07	04:41:00	3041.76	3044.98	3039.58	3044.70	124	0	67
2025.04.07	04:42:00	3044.77	3049.15	3042.15	3045.73	152	0	18
2025.04.07	04:43:00	3045.84	3050.94	3044.08	3050.04	130	0	17
2025.04.07	04:44:00	3050.65	3054.28	3048.35	3051.79	132	0	5
2025.04.07	04:45:00	3051.78	3053.31	3045.40	3046.97	119	0	39
2025.04.07	04:46:00	3046.62	3053.27	3044.79	3051.96	142	0	19
2025.04.07	04:47:00	3051.51	3055.01	3048.59	3050.69	133	0	22
2025.04.07	04:48:00	3049.82	3050.06	3045.55	3048.17	127	0	17
2025.04.07	04:49:00	3047.62	3048.96	3044.32	3048.37	122	0	17
2025.04.07	04:50:00	3047.58	3047.84	3042.50	3044.06	124	0	24
2025.04.07	04:51:00	3043.74	3046.58	3041.83	3043.80	126	0	18
2025.04.07	04:52:00	3043.86	3045.65	3039.03	3039.95	128	0	18
2025.04.07	04:53:00	3040.29	3041.21	3036.76	3038.29	138	0	17
2025.04.07	04:54:00	3038.19	3042.75	3037.42	3041.76	118	0	43
2025.04.07	04:55:00	3041.46	3045.14	3040.06	3044.77	114	0	34
2025.04.07	04:56:00	3044.79	3045.70	3040.44	3040.44	122	0	18
2025.04.07	04:57:00	3040.40	3042.73	3038.70	3039.64	111	0	21
2025.04.07	04:58:00	3039.63	3039.63	3036.53	3036.53	120	0	17
2025.04.07	04:59:00	3037.15	3039.64	3036.49	3038.09	122	0	19
2025.04.07	05:00:00	3038.32	3039.00	3035.84	3037.62	122	0	29
2025.04.07	05:01:00	3037.85	3040.70	3037.34	3038.49	114	0	18
2025.04.07	05:02:00	3038.54	3039.07	3036.01	3038.38	92	0	33
2025.04.07	05:03:00	3038.43	3045.14	3038.43	3045.14	118	0	31
2025.04.07	05:04:00	3045.28	3045.79	3041.46	3045.79	110	0	34
2025.04.07	05:05:00	3045.90	3048.23	3044.30	3048.23	122	0	34
2025.04.07	05:06:00	3048.11	3052.09	3047.46	3051.46	131	0	34
2025.04.07	05:07:00	3051.23	3051.23	3047.88	3049.33	114	0	33
2025.04.07	05:08:00	3048.57	3051.80	3047.30	3050.84	113	0	39
2025.04.07	05:09:00	3050.81	3055.05	3049.46	3053.79	115	0	11
2025.04.07	05:10:00	3052.89	3055.11	3051.23	3052.46	117	0	28
2025.04.07	05:11:00	3052.83	3055.31	3051.46	3052.30	112	0	54
2025.04.07	05:12:00	3052.31	3052.68	3048.46	3048.53	114	0	51
2025.04.07	05:13:00	3048.98	3048.99	3046.53	3048.93	100	0	43
2025.04.07	05:14:00	3048.99	3052.88	3048.68	3052.46	105	0	43
2025.04.07	05:15:00	3052.38	3053.30	3048.20	3048.39	91	0	44
2025.04.07	05:16:00	3048.30	3049.35	3047.42	3048.07	82	0	91
2025.04.07	05:17:00	3047.94	3050.86	3047.79	3050.43	80	0	71
2025.04.07	05:18:00	3050.51	3050.77	3046.52	3047.02	79	0	53
2025.04.07	05:19:00	3047.11	3048.74	3045.63	3048.21	78	0	43
2025.04.07	05:20:00	3048.30	3052.04	3046.58	3048.50	97	0	24
2025.04.07	05:21:00	3048.51	3050.62	3047.55	3048.18	74	0	39
2025.04.07	05:22:00	3048.17	3048.82	3045.90	3047.60	70	0	47
2025.04.07	05:23:00	3047.58	3048.60	3045.89	3046.28	95	0	42
2025.04.07	05:24:00	3045.72	3046.09	3043.68	3044.43	90	0	43
2025.04.07	05:25:00	3044.44	3045.34	3043.33	3044.67	85	0	43
2025.04.07	05:26:00	3045.05	3045.05	3042.34	3042.68	76	0	33
2025.04.07	05:27:00	3042.88	3043.76	3041.33	3041.67	78	0	43
2025.04.07	05:28:00	3041.76	3041.76	3039.85	3040.77	88	0	30
2025.04.07	05:29:00	3040.73	3042.25	3040.16	3042.25	81	0	40
2025.04.07	05:30:00	3042.85	3044.82	3041.54	3042.03	110	0	41
2025.04.07	05:31:00	3041.38	3042.83	3040.66	3040.66	110	0	7
2025.04.07	05:32:00	3040.57	3041.42	3037.14	3037.62	105	0	30
2025.04.07	05:33:00	3037.88	3039.09	3033.86	3034.34	98	0	17
2025.04.07	05:34:00	3034.52	3037.00	3032.65	3035.86	114	0	43
2025.04.07	05:35:00	3035.87	3035.90	3034.08	3035.46	107	0	54
2025.04.07	05:36:00	3035.52	3035.82	3031.73	3031.91	99	0	53
2025.04.07	05:37:00	3031.85	3032.29	3026.63	3029.42	116	0	38
2025.04.07	05:38:00	3029.44	3034.72	3029.44	3033.72	103	0	50
2025.04.07	05:39:00	3033.90	3035.04	3033.03	3034.21	99	0	28
2025.04.07	05:40:00	3034.22	3036.19	3033.51	3035.20	108	0	52
2025.04.07	05:41:00	3035.09	3035.43	3033.17	3033.95	86	0	44
2025.04.07	05:42:00	3033.70	3036.79	3033.57	3034.51	81	0	42
2025.04.07	05:43:00	3034.95	3035.52	3033.05	3035.40	99	0	32
2025.04.07	05:44:00	3035.07	3035.07	3032.09	3032.10	79	0	52
2025.04.07	05:45:00	3032.75	3033.01	3029.64	3029.88	84	0	17
2025.04.07	05:46:00	3030.23	3030.56	3026.77	3027.83	104	0	17
2025.04.07	05:47:00	3027.82	3031.95	3027.82	3030.20	95	0	25
2025.04.07	05:48:00	3030.29	3034.98	3030.29	3033.82	100	0	18
2025.04.07	05:49:00	3033.86	3034.04	3030.62	3030.85	97	0	18
2025.04.07	05:50:00	3030.89	3034.49	3030.89	3034.15	83	0	18
2025.04.07	05:51:00	3034.16	3034.16	3030.50	3030.77	84	0	17
2025.04.07	05:52:00	3030.77	3031.65	3030.12	3031.16	67	0	33
2025.04.07	05:53:00	3031.31	3033.39	3031.23	3033.35	71	0	19
2025.04.07	05:54:00	3033.12	3035.32	3033.12	3034.59	75	0	17
2025.04.07	05:55:00	3034.85	3035.76	3031.44	3031.44	90	0	17
2025.04.07	05:56:00	3031.70	3031.92	3029.69	3031.02	92	0	17
2025.04.07	05:57:00	3031.18	3031.47	3029.66	3029.71	81	0	17
2025.04.07	05:58:00	3029.68	3030.78	3028.00	3030.25	96	0	17
2025.04.07	05:59:00	3029.85	3029.86	3023.82	3025.83	108	0	17
2025.04.07	06:00:00	3025.85	3026.04	3021.68	3023.30	120	0	18
2025.04.07	06:01:00	3023.72	3028.62	3023.72	3027.63	104	0	13
2025.04.07	06:02:00	3027.56	3028.47	3026.24	3028.23	91	0	17
2025.04.07	06:03:00	3028.22	3029.68	3027.69	3028.49	87	0	17
2025.04.07	06:04:00	3028.44	3029.08	3027.23	3027.80	78	0	17
2025.04.07	06:05:00	3027.72	3029.27	3027.04	3027.33	76	0	17
2025.04.07	06:06:00	3027.36	3030.14	3027.36	3029.61	92	0	18
2025.04.07	06:07:00	3029.12	3029.98	3026.28	3027.00	85	0	18
2025.04.07	06:08:00	3027.05	3027.27	3025.44	3025.59	79	0	18
2025.04.07	06:09:00	3025.35	3026.76	3023.34	3025.85	91	0	17
2025.04.07	06:10:00	3025.62	3028.06	3025.62	3026.06	89	0	22
2025.04.07	06:11:00	3026.01	3027.99	3025.64	3027.97	90	0	18
2025.04.07	06:12:00	3027.70	3027.81	3024.44	3024.88	92	0	18
2025.04.07	06:13:00	3024.68	3025.48	3023.11	3024.21	81	0	17
2025.04.07	06:14:00	3024.30	3026.24	3024.30	3026.13	89	0	18
2025.04.07	06:15:00	3026.13	3028.55	3025.89	3027.25	90	0	17
2025.04.07	06:16:00	3027.08	3027.36	3025.52	3026.27	78	0	17
2025.04.07	06:17:00	3026.69	3028.84	3026.22	3028.06	91	0	17
2025.04.07	06:18:00	3028.26	3030.65	3026.79	3029.22	88	0	17
2025.04.07	06:19:00	3029.01	3031.29	3029.01	3030.58	97	0	18
2025.04.07	06:20:00	3030.65	3030.82	3029.43	3029.65	77	0	17
2025.04.07	06:21:00	3029.71	3030.17	3028.59	3028.78	67	0	18
2025.04.07	06:22:00	3029.48	3030.75	3028.83	3029.43	71	0	17
2025.04.07	06:23:00	3029.52	3030.01	3028.38	3028.99	61	0	17
2025.04.07	06:24:00	3028.95	3029.03	3027.62	3028.73	66	0	17
2025.04.07	06:25:00	3028.88	3030.24	3026.83	3028.47	75	0	17
2025.04.07	06:26:00	3028.29	3028.62	3027.37	3027.50	70	0	17
2025.04.07	06:27:00	3027.67	3030.08	3027.26	3029.90	74	0	17
2025.04.07	06:28:00	3029.77	3030.32	3029.21	3030.22	70	0	17
2025.04.07	06:29:00	3030.27	3030.49	3029.68	3029.75	64	0	17
2025.04.07	06:30:00	3029.33	3030.02	3028.44	3028.45	79	0	17
2025.04.07	06:31:00	3028.22	3028.77	3027.31	3028.62	77	0	17
2025.04.07	06:32:00	3028.60	3029.33	3027.91	3028.99	66	0	17
2025.04.07	06:33:00	3028.72	3029.07	3027.71	3027.99	75	0	17
2025.04.07	06:34:00	3028.00	3029.27	3027.83	3028.24	77	0	22
2025.04.07	06:35:00	3028.03	3029.23	3027.49	3027.57	77	0	17
2025.04.07	06:36:00	3027.57	3028.73	3026.81	3028.69	73	0	17
2025.04.07	06:37:00	3028.67	3029.90	3028.55	3028.68	72	0	17
2025.04.07	06:38:00	3028.63	3029.75	3028.04	3029.22	53	0	18
2025.04.07	06:39:00	3029.12	3029.82	3028.74	3029.21	53	0	18
2025.04.07	06:40:00	3029.20	3030.13	3028.78	3029.35	58	0	17
2025.04.07	06:41:00	3029.30	3033.16	3028.67	3032.57	78	0	19
2025.04.07	06:42:00	3032.70	3033.88	3031.40	3032.44	71	0	18
2025.04.07	06:43:00	3032.15	3033.04	3027.21	3029.31	89	0	17
2025.04.07	06:44:00	3028.69	3029.01	3026.11	3027.08	76	0	18
2025.04.07	06:45:00	3026.82	3028.19	3026.48	3028.01	56	0	17
2025.04.07	06:46:00	3027.70	3029.08	3027.70	3028.65	66	0	17
2025.04.07	06:47:00	3028.96	3029.04	3025.61	3025.75	60	0	17
2025.04.07	06:48:00	3025.46	3025.84	3022.11	3022.57	78	0	17
2025.04.07	06:49:00	3022.44	3023.12	3018.09	3019.53	84	0	17
2025.04.07	06:50:00	3019.56	3021.51	3019.00	3021.38	67	0	18
2025.04.07	06:51:00	3021.74	3023.10	3021.16	3022.29	51	0	15
2025.04.07	06:52:00	3022.62	3022.88	3019.85	3020.69	54	0	23
2025.04.07	06:53:00	3021.06	3021.63	3020.12	3020.34	52	0	18
2025.04.07	06:54:00	3020.34	3020.78	3018.32	3019.26	82	0	17
2025.04.07	06:55:00	3018.94	3019.16	3017.83	3017.88	71	0	17
2025.04.07	06:56:00	3017.98	3018.71	3016.81	3017.58	70	0	17
2025.04.07	06:57:00	3017.85	3019.22	3017.23	3018.96	74	0	17
2025.04.07	06:58:00	3019.26	3019.33	3017.37	3017.70	76	0	17
2025.04.07	06:59:00	3017.70	3018.98	3017.13	3018.94	65	0	17
2025.04.07	07:00:00	3018.91	3021.31	3018.90	3021.31	83	0	17
2025.04.07	07:01:00	3021.35	3024.37	3020.91	3022.83	81	0	17
2025.04.07	07:02:00	3022.90	3025.30	3022.35	3024.50	74	0	17
2025.04.07	07:03:00	3024.59	3025.38	3023.59	3025.17	60	0	17
2025.04.07	07:04:00	3024.96	3026.05	3024.91	3025.52	50	0	24
2025.04.07	07:05:00	3025.69	3026.06	3024.67	3025.32	52	0	18
2025.04.07	07:06:00	3025.27	3025.27	3023.15	3023.70	58	0	17
2025.04.07	07:07:00	3023.72	3024.25	3022.83	3023.33	55	0	18
2025.04.07	07:08:00	3023.53	3026.75	3023.25	3026.52	50	0	24
2025.04.07	07:09:00	3026.51	3027.68	3025.96	3027.11	76	0	18
2025.04.07	07:10:00	3027.11	3027.84	3026.05	3027.76	76	0	18
2025.04.07	07:11:00	3028.21	3031.70	3028.21	3029.92	85	0	18
2025.04.07	07:12:00	3029.94	3031.23	3028.02	3028.10	76	0	21
2025.04.07	07:13:00	3028.06	3029.23	3027.91	3028.85	61	0	24
2025.04.07	07:14:00	3028.87	3029.54	3027.11	3027.15	48	0	29
2025.04.07	07:15:00	3026.87	3028.18	3025.95	3026.96	65	0	18
2025.04.07	07:16:00	3026.68	3027.45	3025.99	3026.92	57	0	27
2025.04.07	07:17:00	3026.18	3027.44	3025.85	3027.42	44	0	17
2025.04.07	07:18:00	3027.52	3027.57	3026.12	3026.12	43	0	27
2025.04.07	07:19:00	3026.23	3026.50	3025.91	3026.50	31	0	23
2025.04.07	07:20:00	3025.80	3026.98	3025.08	3025.90	44	0	20
2025.04.07	07:21:00	3025.89	3026.57	3025.57	3025.89	35	0	22
2025.04.07	07:22:00	3025.88	3026.08	3023.82	3025.07	63	0	23
2025.04.07	07:23:00	3025.09	3027.04	3025.05	3026.60	58	0	23
2025.04.07	07:24:00	3026.45	3027.75	3026.45	3027.38	36	0	23
2025.04.07	07:25:00	3027.68	3027.99	3025.98	3027.90	58	0	17
2025.04.07	07:26:00	3027.54	3028.78	3027.53	3028.78	41	0	23
2025.04.07	07:27:00	3028.23	3030.12	3027.82	3029.97	56	0	19
2025.04.07	07:28:00	3030.05	3030.05	3027.85	3028.63	56	0	22
2025.04.07	07:29:00	3028.59	3028.59	3026.31	3026.42	38	0	15
2025.04.07	07:30:00	3026.54	3026.90	3025.44	3025.53	59	0	17
2025.04.07	07:31:00	3025.44	3027.13	3025.13	3026.91	48	0	21
2025.04.07	07:32:00	3027.04	3027.45	3025.44	3027.34	54	0	24
2025.04.07	07:33:00	3027.42	3030.55	3027.39	3029.99	57	0	24
2025.04.07	07:34:00	3030.13	3030.21	3027.79	3027.79	40	0	28
2025.04.07	07:35:00	3027.70	3030.73	3027.30	3029.87	51	0	28
2025.04.07	07:36:00	3029.99	3032.71	3029.93	3030.83	67	0	5
2025.04.07	07:37:00	3030.83	3031.20	3028.74	3029.29	61	0	5
2025.04.07	07:38:00	3029.11	3031.05	3029.11	3030.99	69	0	32
2025.04.07	07:39:00	3030.86	3032.24	3030.80	3031.99	83	0	19
2025.04.07	07:40:00	3031.32	3031.82	3029.45	3031.62	64	0	17
2025.04.07	07:41:00	3031.60	3031.78	3030.37	3030.67	57	0	23
2025.04.07	07:42:00	3030.62	3030.86	3028.37	3028.62	50	0	18
2025.04.07	07:43:00	3028.93	3029.14	3027.43	3027.63	47	0	19
2025.04.07	07:44:00	3027.85	3028.12	3027.11	3027.84	53	0	18
2025.04.07	07:45:00	3027.84	3028.99	3027.54	3028.41	70	0	19
2025.04.07	07:46:00	3028.54	3028.54	3027.03	3027.43	47	0	18
2025.04.07	07:47:00	3027.29	3028.75	3027.29	3028.11	46	0	18
2025.04.07	07:48:00	3028.36	3028.50	3027.68	3027.68	36	0	19
2025.04.07	07:49:00	3027.73	3027.73	3025.96	3026.92	53	0	17
2025.04.07	07:50:00	3026.92	3028.24	3025.88	3026.29	77	0	17
2025.04.07	07:51:00	3026.37	3027.77	3026.37	3027.41	49	0	18
2025.04.07	07:52:00	3027.20	3028.24	3026.84	3027.24	55	0	17
2025.04.07	07:53:00	3027.24	3029.56	3027.22	3028.67	65	0	17
2025.04.07	07:54:00	3028.72	3029.71	3028.60	3029.24	53	0	18
2025.04.07	07:55:00	3029.22	3031.97	3029.22	3031.64	72	0	18
2025.04.07	07:56:00	3031.34	3033.97	3030.24	3033.30	69	0	17
2025.04.07	07:57:00	3033.24	3034.55	3032.70	3033.28	69	0	18
2025.04.07	07:58:00	3033.26	3034.70	3032.94	3033.14	54	0	10
2025.04.07	07:59:00	3033.07	3035.63	3033.07	3034.73	56	0	17
2025.04.07	08:00:00	3035.31	3035.45	3033.43	3034.33	66	0	17
2025.04.07	08:01:00	3034.25	3034.56	3032.76	3033.69	45	0	20
2025.04.07	08:02:00	3033.69	3035.17	3033.58	3034.83	52	0	18
2025.04.07	08:03:00	3034.91	3036.27	3033.79	3036.27	66	0	14
2025.04.07	08:04:00	3035.57	3037.33	3031.45	3031.56	95	0	5
2025.04.07	08:05:00	3031.63	3032.20	3031.45	3031.94	59	0	24
2025.04.07	08:06:00	3031.68	3033.09	3031.52	3033.05	58	0	18
2025.04.07	08:07:00	3033.08	3033.31	3031.07	3031.07	65	0	17
2025.04.07	08:08:00	3031.13	3032.19	3030.25	3030.25	57	0	17
2025.04.07	08:09:00	3030.44	3030.65	3029.79	3030.06	45	0	9
2025.04.07	08:10:00	3030.09	3030.27	3024.80	3026.04	62	0	17
2025.04.07	08:11:00	3025.13	3028.41	3024.78	3028.33	78	0	17
2025.04.07	08:12:00	3028.33	3028.56	3025.92	3028.00	56	0	18
2025.04.07	08:13:00	3028.14	3030.12	3028.14	3029.54	51	0	17
2025.04.07	08:14:00	3029.38	3030.33	3028.60	3029.29	47	0	19
2025.04.07	08:15:00	3029.28	3030.68	3029.28	3030.43	57	0	17
2025.04.07	08:16:00	3030.45	3030.96	3029.23	3030.47	58	0	18
2025.04.07	08:17:00	3030.51	3032.69	3030.17	3032.69	48	0	17
2025.04.07	08:18:00	3032.26	3032.33	3030.35	3032.32	73	0	19
2025.04.07	08:19:00	3032.56	3038.14	3032.55	3037.94	104	0	25
2025.04.07	08:20:00	3038.01	3039.07	3035.09	3036.23	107	0	22
2025.04.07	08:21:00	3036.23	3038.06	3035.23	3037.69	75	0	23
2025.04.07	08:22:00	3037.22	3037.67	3036.52	3037.27	49	0	17
2025.04.07	08:23:00	3037.26	3039.80	3036.60	3038.16	65	0	17
2025.04.07	08:24:00	3038.29	3038.63	3036.06	3038.62	70	0	19
2025.04.07	08:25:00	3038.00	3039.12	3037.55	3038.69	65	0	17
2025.04.07	08:26:00	3038.82	3040.10	3038.55	3039.24	79	0	18
2025.04.07	08:27:00	3039.35	3039.81	3037.85	3037.85	51	0	18
2025.04.07	08:28:00	3037.95	3039.67	3037.70	3039.35	78	0	17
2025.04.07	08:29:00	3039.14	3039.34	3037.25	3038.65	68	0	17
2025.04.07	08:30:00	3038.94	3042.46	3038.90	3042.31	98	0	23
2025.04.07	08:31:00	3042.44	3044.45	3041.85	3044.18	90	0	17
2025.04.07	08:32:00	3044.06	3044.06	3041.77	3042.44	90	0	18
2025.04.07	08:33:00	3042.44	3043.12	3041.50	3041.79	84	0	17
2025.04.07	08:34:00	3041.63	3041.77	3039.55	3039.79	96	0	17
2025.04.07	08:35:00	3039.39	3040.80	3037.33	3037.33	91	0	17
2025.04.07	08:36:00	3036.83	3038.59	3036.32	3036.32	94	0	17
2025.04.07	08:37:00	3036.34	3036.50	3033.86	3034.89	91	0	17
2025.04.07	08:38:00	3035.24	3036.91	3034.07	3036.84	75	0	18
2025.04.07	08:39:00	3036.93	3036.93	3035.07	3036.07	70	0	27
2025.04.07	08:40:00	3036.15	3037.43	3035.31	3036.92	86	0	18
2025.04.07	08:41:00	3037.26	3039.48	3036.39	3039.39	76	0	18
2025.04.07	08:42:00	3039.22	3040.04	3037.67	3039.14	83	0	18
2025.04.07	08:43:00	3038.65	3040.24	3038.58	3039.83	80	0	17
2025.04.07	08:44:00	3040.02	3040.22	3038.82	3039.20	89	0	18
2025.04.07	08:45:00	3039.09	3042.33	3039.07	3042.33	67	0	18
2025.04.07	08:46:00	3042.39	3042.83	3040.03	3040.82	75	0	17
2025.04.07	08:47:00	3040.92	3041.32	3039.16	3040.19	73	0	17
2025.04.07	08:48:00	3040.39	3043.25	3040.39	3042.96	78	0	18
2025.04.07	08:49:00	3042.96	3043.34	3041.16	3041.70	67	0	23
2025.04.07	08:50:00	3041.53	3041.66	3038.32	3039.04	59	0	16
2025.04.07	08:51:00	3039.06	3039.29	3037.13	3037.36	72	0	17
2025.04.07	08:52:00	3037.33	3037.84	3035.87	3036.61	74	0	17
2025.04.07	08:53:00	3036.48	3037.47	3036.45	3036.69	55	0	17
2025.04.07	08:54:00	3036.68	3036.89	3033.97	3034.51	70	0	17
2025.04.07	08:55:00	3034.42	3035.15	3033.29	3033.66	88	0	17
2025.04.07	08:56:00	3033.60	3034.57	3033.10	3034.33	82	0	17
2025.04.07	08:57:00	3034.27	3034.90	3033.14	3034.20	83	0	17
2025.04.07	08:58:00	3034.30	3035.02	3032.43	3033.07	77	0	17
2025.04.07	08:59:00	3033.08	3033.47	3031.63	3031.63	81	0	17
2025.04.07	09:00:00	3031.68	3033.09	3030.43	3030.67	86	0	18
2025.04.07	09:01:00	3030.76	3032.02	3029.94	3029.94	85	0	17
2025.04.07	09:02:00	3029.84	3030.66	3028.62	3030.48	111	0	17
2025.04.07	09:03:00	3030.54	3033.46	3029.07	3032.99	106	0	14
2025.04.07	09:04:00	3032.54	3032.98	3029.95	3030.11	101	0	14
2025.04.07	09:05:00	3029.95	3030.38	3027.46	3028.25	103	0	17
2025.04.07	09:06:00	3028.24	3030.15	3027.64	3028.71	100	0	17
2025.04.07	09:07:00	3028.94	3028.97	3025.24	3025.26	95	0	17
2025.04.07	09:08:00	3025.23	3026.63	3024.80	3024.84	106	0	17
2025.04.07	09:09:00	3024.70	3028.46	3024.70	3027.67	105	0	17
2025.04.07	09:10:00	3027.58	3028.06	3026.93	3027.56	99	0	15
2025.04.07	09:11:00	3027.56	3029.64	3027.56	3028.45	82	0	17
2025.04.07	09:12:00	3028.13	3028.83	3027.73	3027.90	86	0	17
2025.04.07	09:13:00	3027.90	3028.02	3022.83	3023.12	105	0	17
2025.04.07	09:14:00	3023.18	3026.98	3022.29	3026.89	105	0	18
2025.04.07	09:15:00	3026.67	3027.89	3022.61	3022.86	99	0	17
2025.04.07	09:16:00	3022.86	3023.65	3021.69	3022.59	95	0	17
2025.04.07	09:17:00	3022.42	3024.25	3022.39	3024.03	93	0	17
2025.04.07	09:18:00	3024.01	3025.87	3023.97	3023.97	95	0	17
2025.04.07	09:19:00	3023.92	3025.05	3023.09	3023.30	97	0	17
2025.04.07	09:20:00	3023.32	3024.44	3022.38	3023.15	101	0	16
2025.04.07	09:21:00	3023.30	3025.24	3023.07	3024.81	99	0	17
2025.04.07	09:22:00	3024.63	3024.82	3023.12	3023.92	83	0	8
2025.04.07	09:23:00	3023.79	3023.80	3020.92	3021.01	90	0	6
2025.04.07	09:24:00	3020.89	3021.55	3019.39	3021.24	100	0	14
2025.04.07	09:25:00	3021.22	3022.21	3020.83	3021.78	109	0	17
2025.04.07	09:26:00	3021.75	3022.06	3018.99	3020.23	106	0	17
2025.04.07	09:27:00	3020.39	3020.52	3016.64	3017.77	105	0	17
2025.04.07	09:28:00	3017.77	3020.35	3017.77	3017.96	102	0	16
2025.04.07	09:29:00	3017.93	3018.62	3017.16	3018.36	98	0	17
2025.04.07	09:30:00	3018.56	3021.53	3018.56	3020.37	110	0	17
2025.04.07	09:31:00	3020.43	3023.30	3020.43	3022.86	106	0	17
2025.04.07	09:32:00	3022.93	3023.08	3021.24	3021.75	94	0	17
2025.04.07	09:33:00	3022.35	3023.24	3022.04	3022.78	94	0	17
2025.04.07	09:34:00	3022.81	3024.88	3022.64	3024.57	93	0	17
2025.04.07	09:35:00	3024.59	3027.61	3024.46	3027.61	97	0	17
2025.04.07	09:36:00	3027.70	3027.90	3025.75	3026.14	104	0	17
2025.04.07	09:37:00	3025.99	3027.20	3025.29	3027.14	102	0	17
2025.04.07	09:38:00	3026.93	3029.03	3026.14	3027.89	102	0	17
2025.04.07	09:39:00	3028.17	3031.19	3027.62	3029.29	106	0	17
2025.04.07	09:40:00	3029.31	3029.46	3027.96	3028.71	88	0	17
2025.04.07	09:41:00	3028.71	3029.17	3027.23	3027.25	88	0	16
2025.04.07	09:42:00	3027.27	3028.97	3026.87	3028.74	90	0	17
2025.04.07	09:43:00	3028.72	3029.82	3028.21	3028.45	92	0	17
2025.04.07	09:44:00	3028.44	3028.62	3026.80	3027.84	103	0	17
2025.04.07	09:45:00	3027.67	3027.69	3025.62	3025.83	98	0	17
2025.04.07	09:46:00	3025.70	3026.20	3025.12	3026.13	94	0	11
2025.04.07	09:47:00	3026.23	3027.38	3026.23	3026.92	104	0	17
2025.04.07	09:48:00	3026.92	3027.13	3025.10	3026.42	96	0	12
2025.04.07	09:49:00	3026.36	3026.67	3025.12	3025.21	93	0	17
2025.04.07	09:50:00	3025.19	3025.19	3022.24	3022.42	112	0	15
2025.04.07	09:51:00	3022.40	3022.40	3018.80	3020.35	111	0	17
2025.04.07	09:52:00	3020.37	3024.03	3019.33	3023.93	113	0	17
2025.04.07	09:53:00	3024.09	3026.66	3024.09	3026.36	84	0	17
2025.04.07	09:54:00	3026.29	3026.37	3024.55	3025.49	104	0	17
2025.04.07	09:55:00	3025.88	3027.79	3025.77	3026.13	102	0	17
2025.04.07	09:56:00	3026.15	3028.72	3025.02	3027.82	112	0	17
2025.04.07	09:57:00	3027.99	3029.93	3027.68	3028.95	107	0	17
2025.04.07	09:58:00	3028.92	3030.56	3028.11	3028.17	93	0	16
2025.04.07	09:59:00	3028.21	3030.16	3027.47	3029.33	97	0	17
2025.04.07	10:00:00	3029.63	3030.27	3027.42	3029.02	119	0	17
2025.04.07	10:01:00	3028.98	3030.72	3028.44	3029.01	111	0	17
2025.04.07	10:02:00	3029.00	3030.12	3027.57	3028.25	108	0	17
2025.04.07	10:03:00	3028.39	3028.43	3024.20	3026.50	108	0	17
2025.04.07	10:04:00	3026.53	3026.63	3024.30	3024.59	106	0	16
2025.04.07	10:05:00	3024.59	3026.53	3023.33	3025.37	111	0	17
2025.04.07	10:06:00	3025.42	3025.62	3023.79	3025.25	112	0	17
2025.04.07	10:07:00	3025.61	3026.54	3021.72	3022.88	112	0	16
2025.04.07	10:08:00	3022.51	3022.51	3019.71	3020.28	106	0	17
2025.04.07	10:09:00	3020.24	3021.77	3018.09	3018.33	105	0	15
2025.04.07	10:10:00	3017.51	3019.32	3015.56	3016.40	100	0	17
2025.04.07	10:11:00	3016.37	3020.36	3016.32	3017.85	114	0	17
2025.04.07	10:12:00	3017.67	3017.67	3014.40	3014.40	111	0	17
2025.04.07	10:13:00	3014.67	3016.87	3014.51	3015.24	88	0	17
2025.04.07	10:14:00	3015.25	3015.98	3013.27	3014.21	100	0	17
2025.04.07	10:15:00	3014.22	3017.48	3013.69	3017.48	109	0	17
2025.04.07	10:16:00	3017.95	3019.62	3015.44	3019.53	108	0	13
2025.04.07	10:17:00	3019.57	3023.85	3017.69	3017.75	103	0	17
2025.04.07	10:18:00	3017.72	3019.15	3014.43	3015.14	111	0	17
2025.04.07	10:19:00	3015.07	3015.99	3014.35	3015.66	109	0	17
2025.04.07	10:20:00	3016.03	3020.70	3015.82	3020.63	108	0	17
2025.04.07	10:21:00	3020.64	3021.71	3019.23	3019.43	108	0	17
2025.04.07	10:22:00	3019.49	3021.32	3019.25	3021.25	108	0	17
2025.04.07	10:23:00	3021.25	3027.08	3020.18	3024.57	110	0	17
2025.04.07	10:24:00	3024.46	3026.98	3022.10	3025.81	113	0	17
2025.04.07	10:25:00	3025.55	3026.66	3023.25	3023.62	119	0	17
2025.04.07	10:26:00	3023.21	3023.23	3020.66	3020.71	114	0	17
2025.04.07	10:27:00	3020.93	3021.37	3019.49	3019.92	111	0	17
2025.04.07	10:28:00	3019.98	3021.54	3019.41	3019.49	108	0	17
2025.04.07	10:29:00	3019.53	3020.38	3018.57	3019.11	103	0	17
2025.04.07	10:30:00	3019.12	3024.27	3019.12	3024.27	110	0	15
2025.04.07	10:31:00	3024.30	3025.19	3023.18	3023.54	113	0	17
2025.04.07	10:32:00	3023.52	3026.38	3022.60	3024.97	103	0	12
2025.04.07	10:33:00	3024.90	3026.28	3024.16	3025.02	102	0	5
2025.04.07	10:34:00	3024.54	3024.54	3022.80	3022.80	96	0	17
2025.04.07	10:35:00	3022.82	3024.31	3022.00	3022.21	112	0	17
2025.04.07	10:36:00	3022.19	3022.80	3020.96	3021.12	106	0	17
2025.04.07	10:37:00	3021.13	3023.56	3021.13	3023.51	104	0	17
2025.04.07	10:38:00	3023.37	3023.47	3019.38	3019.46	94	0	17
2025.04.07	10:39:00	3019.45	3021.33	3019.45	3019.46	104	0	17
2025.04.07	10:40:00	3019.36	3021.87	3019.36	3021.45	88	0	17
2025.04.07	10:41:00	3021.64	3022.33	3020.44	3020.48	102	0	17
2025.04.07	10:42:00	3020.42	3021.36	3019.83	3021.19	91	0	17
2025.04.07	10:43:00	3021.07	3022.07	3020.68	3020.97	94	0	17
2025.04.07	10:44:00	3021.01	3021.21	3019.30	3019.30	79	0	17
2025.04.07	10:45:00	3019.30	3020.74	3018.58	3020.28	96	0	17
2025.04.07	10:46:00	3020.25	3020.52	3018.16	3019.11	103	0	17
2025.04.07	10:47:00	3019.11	3022.84	3019.11	3022.16	108	0	17
2025.04.07	10:48:00	3021.31	3025.69	3021.31	3024.63	106	0	17
2025.04.07	10:49:00	3024.63	3024.82	3022.95	3023.52	103	0	16
2025.04.07	10:50:00	3023.51	3025.51	3023.31	3023.32	100	0	17
2025.04.07	10:51:00	3023.91	3024.41	3022.62	3022.74	97	0	17
2025.04.07	10:52:00	3022.75	3024.37	3022.45	3024.24	100	0	17
2025.04.07	10:53:00	3024.46	3029.06	3024.46	3026.69	97	0	17
2025.04.07	10:54:00	3026.41	3026.46	3022.61	3022.63	109	0	17
2025.04.07	10:55:00	3022.53	3022.87	3021.40	3021.76	103	0	17
2025.04.07	10:56:00	3022.00	3022.33	3018.36	3018.38	89	0	17
2025.04.07	10:57:00	3018.27	3018.84	3015.95	3016.45	98	0	17
2025.04.07	10:58:00	3016.98	3019.34	3016.92	3017.77	97	0	17
2025.04.07	10:59:00	3018.07	3019.43	3017.45	3018.57	82	0	17
2025.04.07	11:00:00	3018.85	3020.17	3017.61	3019.07	102	0	16
2025.04.07	11:01:00	3018.86	3020.46	3018.28	3020.42	89	0	17
2025.04.07	11:02:00	3020.33	3022.11	3018.81	3021.13	101	0	17
2025.04.07	11:03:00	3021.12	3022.28	3020.80	3021.05	99	0	15
2025.04.07	11:04:00	3021.06	3022.10	3020.54	3022.02	108	0	11
2025.04.07	11:05:00	3022.13	3024.73	3020.78	3024.10	104	0	17
2025.04.07	11:06:00	3024.18	3026.48	3024.07	3026.00	107	0	17
2025.04.07	11:07:00	3026.05	3026.06	3023.21	3024.10	103	0	11
2025.04.07	11:08:00	3024.07	3024.23	3022.47	3022.66	101	0	17
2025.04.07	11:09:00	3022.65	3024.93	3022.62	3024.92	90	0	17
2025.04.07	11:10:00	3024.98	3027.25	3024.67	3027.19	91	0	17
2025.04.07	11:11:00	3027.23	3027.57	3024.89	3025.48	101	0	17
2025.04.07	11:12:00	3025.42	3026.36	3025.05	3026.27	93	0	11
2025.04.07	11:13:00	3026.34	3027.44	3025.57	3025.60	95	0	17
2025.04.07	11:14:00	3025.86	3028.27	3025.53	3027.77	101	0	6
2025.04.07	11:15:00	3027.82	3029.91	3027.51	3029.12	111	0	14
2025.04.07	11:16:00	3028.92	3029.47	3028.14	3028.87	97	0	15
2025.04.07	11:17:00	3029.01	3029.19	3026.04	3026.29	99	0	17
2025.04.07	11:18:00	3026.29	3028.85	3025.70	3028.85	96	0	17
2025.04.07	11:19:00	3028.84	3028.84	3026.28	3026.69	106	0	17
2025.04.07	11:20:00	3026.64	3028.39	3026.32	3026.90	97	0	17
2025.04.07	11:21:00	3026.76	3027.27	3025.85	3026.40	103	0	17
2025.04.07	11:22:00	3026.36	3027.32	3025.90	3027.08	95	0	17
2025.04.07	11:23:00	3027.00	3028.08	3025.76	3025.98	101	0	17
2025.04.07	11:24:00	3026.09	3026.91	3024.81	3026.09	104	0	17
2025.04.07	11:25:00	3025.51	3026.03	3024.54	3025.77	103	0	15
2025.04.07	11:26:00	3025.73	3025.87	3024.84	3025.03	100	0	17
2025.04.07	11:27:00	3025.04	3028.98	3024.20	3028.98	102	0	17
2025.04.07	11:28:00	3028.99	3029.51	3023.64	3023.83	111	0	17
2025.04.07	11:29:00	3023.92	3024.64	3023.18	3023.41	95	0	17
2025.04.07	11:30:00	3023.30	3026.19	3023.26	3025.75	91	0	16
2025.04.07	11:31:00	3025.87	3026.54	3024.66	3024.84	92	0	8
2025.04.07	11:32:00	3024.84	3024.97	3023.38	3024.39	90	0	17
2025.04.07	11:33:00	3024.50	3024.63	3023.27	3023.36	85	0	17
2025.04.07	11:34:00	3023.57	3024.41	3022.60	3023.63	87	0	17
2025.04.07	11:35:00	3023.55	3024.54	3023.02	3023.77	86	0	17
2025.04.07	11:36:00	3023.75	3024.10	3022.88	3023.19	79	0	17
2025.04.07	11:37:00	3023.19	3023.19	3021.04	3022.15	88	0	14
2025.04.07	11:38:00	3022.08	3024.99	3021.82	3024.99	87	0	17
2025.04.07	11:39:00	3025.01	3027.10	3024.89	3027.10	92	0	17
2025.04.07	11:40:00	3027.12	3028.72	3025.30	3025.45	103	0	17
2025.04.07	11:41:00	3025.44	3026.07	3023.89	3024.57	101	0	17
2025.04.07	11:42:00	3024.90	3027.87	3024.89	3027.33	92	0	17
2025.04.07	11:43:00	3026.81	3026.81	3025.07	3025.83	90	0	17
2025.04.07	11:44:00	3025.92	3027.68	3025.92	3027.44	98	0	17
2025.04.07	11:45:00	3027.25	3027.57	3026.89	3027.42	96	0	17
2025.04.07	11:46:00	3027.39	3028.36	3027.29	3027.87	91	0	17
2025.04.07	11:47:00	3028.02	3028.58	3027.70	3028.52	93	0	17
2025.04.07	11:48:00	3028.60	3029.49	3026.45	3027.79	89	0	17
2025.04.07	11:49:00	3027.84	3028.67	3027.83	3028.50	80	0	17
2025.04.07	11:50:00	3028.49	3030.36	3027.94	3030.36	84	0	17
2025.04.07	11:51:00	3030.35	3032.53	3030.35	3032.37	100	0	17
2025.04.07	11:52:00	3032.52	3033.85	3031.84	3033.68	101	0	17
2025.04.07	11:53:00	3033.69	3033.69	3031.54	3032.77	93	0	17
2025.04.07	11:54:00	3032.86	3034.83	3032.55	3034.64	92	0	17
2025.04.07	11:55:00	3034.90	3035.01	3034.10	3034.39	89	0	17
2025.04.07	11:56:00	3034.44	3035.44	3033.58	3034.50	89	0	17
2025.04.07	11:57:00	3034.44	3034.63	3033.69	3033.92	77	0	17
2025.04.07	11:58:00	3033.84	3033.94	3031.29	3031.43	73	0	17
2025.04.07	11:59:00	3031.45	3032.55	3030.88	3031.16	53	0	17
2025.04.07	12:00:00	3031.73	3031.77	3029.12	3029.82	76	0	17
2025.04.07	12:01:00	3030.11	3030.82	3029.34	3029.71	74	0	18
2025.04.07	12:02:00	3029.77	3029.81	3027.82	3028.74	89	0	17
2025.04.07	12:03:00	3028.65	3032.90	3027.93	3032.90	98	0	17
2025.04.07	12:04:00	3032.84	3033.38	3032.19	3032.41	84	0	17
2025.04.07	12:05:00	3032.52	3032.62	3030.57	3030.63	100	0	17
2025.04.07	12:06:00	3030.67	3031.95	3030.26	3030.72	100	0	17
2025.04.07	12:07:00	3030.75	3030.78	3027.45	3027.70	91	0	14
2025.04.07	12:08:00	3027.71	3027.94	3026.51	3027.70	100	0	17
2025.04.07	12:09:00	3027.72	3029.75	3027.72	3029.64	86	0	17
2025.04.07	12:10:00	3029.65	3029.94	3027.94	3028.55	76	0	17
2025.04.07	12:11:00	3027.89	3027.97	3027.11	3027.36	82	0	17
2025.04.07	12:12:00	3027.65	3027.76	3025.70	3026.71	91	0	17
2025.04.07	12:13:00	3026.73	3027.91	3026.38	3027.77	72	0	17
2025.04.07	12:14:00	3027.77	3028.23	3026.56	3027.75	81	0	17
2025.04.07	12:15:00	3027.64	3027.64	3025.97	3026.42	73	0	17
2025.04.07	12:16:00	3026.40	3027.48	3026.39	3026.64	81	0	17
2025.04.07	12:17:00	3026.65	3026.67	3024.48	3024.83	75	0	17
2025.04.07	12:18:00	3024.91	3025.80	3023.92	3024.47	94	0	17
2025.04.07	12:19:00	3024.48	3024.48	3019.65	3020.65	77	0	17
2025.04.07	12:20:00	3020.58	3022.09	3019.83	3021.49	81	0	17
2025.04.07	12:21:00	3021.54	3022.17	3020.69	3021.87	82	0	17
2025.04.07	12:22:00	3021.91	3023.41	3021.91	3023.23	87	0	14
2025.04.07	12:23:00	3023.23	3024.06	3022.73	3022.84	85	0	17
2025.04.07	12:24:00	3022.83	3023.34	3021.69	3021.96	86	0	17
2025.04.07	12:25:00	3022.19	3023.09	3021.85	3022.94	96	0	17
2025.04.07	12:26:00	3022.85	3023.64	3021.99	3023.34	100	0	17
2025.04.07	12:27:00	3023.35	3024.18	3022.77	3022.95	103	0	17
2025.04.07	12:28:00	3023.02	3025.04	3022.21	3024.86	106	0	14
2025.04.07	12:29:00	3024.82	3026.64	3024.74	3026.54	98	0	17
2025.04.07	12:30:00	3026.69	3027.54	3024.23	3025.38	96	0	17
2025.04.07	12:31:00	3025.44	3028.85	3025.04	3028.47	104	0	17
2025.04.07	12:32:00	3027.81	3029.35	3026.98	3029.35	88	0	17
2025.04.07	12:33:00	3029.56	3031.15	3029.03	3031.15	93	0	17
2025.04.07	12:34:00	3031.04	3031.67	3026.59	3026.64	102	0	17
2025.04.07	12:35:00	3026.53	3028.49	3026.17	3028.30	102	0	17
2025.04.07	12:36:00	3028.29	3028.51	3027.01	3027.91	87	0	17
2025.04.07	12:37:00	3027.90	3028.68	3026.49	3026.60	73	0	17
2025.04.07	12:38:00	3026.60	3027.81	3026.16	3027.80	79	0	17
2025.04.07	12:39:00	3028.29	3030.35	3028.17	3028.47	87	0	17
2025.04.07	12:40:00	3028.44	3029.38	3028.09	3029.33	89	0	17
2025.04.07	12:41:00	3029.34	3029.76	3028.62	3029.59	81	0	13
2025.04.07	12:42:00	3029.59	3030.48	3028.17	3028.29	93	0	22
2025.04.07	12:43:00	3028.01	3028.01	3025.24	3025.42	90	0	18
2025.04.07	12:44:00	3025.43	3026.64	3025.39	3025.66	79	0	17
2025.04.07	12:45:00	3025.42	3026.97	3024.69	3026.29	77	0	17
2025.04.07	12:46:00	3026.30	3026.38	3024.06	3024.06	87	0	19
2025.04.07	12:47:00	3023.97	3026.54	3023.97	3026.43	96	0	18
2025.04.07	12:48:00	3026.51	3028.53	3026.26	3028.23	95	0	18
2025.04.07	12:49:00	3028.22	3028.22	3025.88	3026.05	84	0	18
2025.04.07	12:50:00	3025.66	3026.18	3023.78	3024.09	75	0	17
2025.04.07	12:51:00	3024.02	3024.55	3022.33	3023.06	94	0	15
2025.04.07	12:52:00	3023.11	3025.33	3022.62	3023.90	103	0	17
2025.04.07	12:53:00	3023.92	3024.20	3023.41	3023.46	88	0	17
2025.04.07	12:54:00	3023.44	3024.18	3022.97	3023.62	90	0	17
2025.04.07	12:55:00	3023.35	3023.91	3022.63	3022.79	76	0	17
2025.04.07	12:56:00	3022.79	3022.79	3019.75	3020.67	93	0	17
2025.04.07	12:57:00	3021.03	3023.25	3020.32	3023.11	103	0	17
2025.04.07	12:58:00	3023.01	3025.36	3022.84	3025.36	95	0	17
2025.04.07	12:59:00	3025.36	3026.22	3025.08	3025.21	81	0	17
2025.04.07	13:00:00	3025.31	3026.95	3025.07	3025.53	80	0	17
2025.04.07	13:01:00	3025.84	3029.49	3025.43	3029.43	86	0	17
2025.04.07	13:02:00	3029.43	3030.19	3028.16	3029.46	113	0	17
2025.04.07	13:03:00	3029.62	3030.66	3028.95	3029.69	100	0	15
2025.04.07	13:04:00	3029.61	3029.86	3027.08	3027.08	96	0	17
2025.04.07	13:05:00	3027.05	3028.06	3024.25	3027.27	95	0	17
2025.04.07	13:06:00	3027.09	3029.43	3025.43	3029.10	108	0	17
2025.04.07	13:07:00	3029.23	3030.15	3028.36	3028.36	88	0	17
2025.04.07	13:08:00	3028.40	3029.85	3027.96	3029.14	93	0	5
2025.04.07	13:09:00	3028.86	3029.74	3027.52	3029.59	89	0	17
2025.04.07	13:10:00	3029.47	3029.47	3025.01	3025.64	93	0	17
2025.04.07	13:11:00	3025.64	3025.94	3025.40	3025.49	81	0	17
2025.04.07	13:12:00	3025.54	3028.03	3025.13	3027.83	88	0	17
2025.04.07	13:13:00	3027.80	3028.23	3026.54	3027.34	73	0	17
2025.04.07	13:14:00	3027.38	3027.52	3026.07	3026.48	67	0	17
2025.04.07	13:15:00	3026.64	3028.79	3026.29	3028.62	97	0	17
2025.04.07	13:16:00	3028.63	3028.80	3027.25	3027.47	90	0	17
2025.04.07	13:17:00	3027.48	3027.72	3026.52	3026.74	89	0	17
2025.04.07	13:18:00	3026.64	3029.34	3026.64	3029.27	87	0	17
2025.04.07	13:19:00	3029.30	3030.99	3029.23	3030.44	85	0	17
2025.04.07	13:20:00	3030.39	3031.90	3030.11	3031.24	89	0	17
2025.04.07	13:21:00	3031.36	3031.53	3030.24	3030.93	94	0	17
2025.04.07	13:22:00	3030.93	3031.21	3029.99	3030.65	75	0	17
2025.04.07	13:23:00	3030.69	3031.27	3030.17	3030.42	92	0	17
2025.04.07	13:24:00	3030.21	3030.32	3029.07	3029.52	98	0	17
2025.04.07	13:25:00	3029.56	3029.86	3029.04	3029.34	99	0	17
2025.04.07	13:26:00	3029.38	3030.53	3028.57	3030.35	103	0	17
2025.04.07	13:27:00	3030.44	3031.43	3030.18	3031.27	89	0	17
2025.04.07	13:28:00	3031.19	3032.39	3031.19	3032.25	95	0	17
2025.04.07	13:29:00	3032.53	3033.11	3031.98	3032.67	83	0	17
2025.04.07	13:30:00	3032.52	3034.14	3031.84	3032.71	90	0	17
2025.04.07	13:31:00	3032.72	3036.00	3032.72	3035.73	92	0	17
2025.04.07	13:32:00	3035.70	3036.06	3034.58	3035.08	97	0	17
2025.04.07	13:33:00	3035.09	3035.11	3033.37	3034.82	102	0	17
2025.04.07	13:34:00	3034.64	3035.81	3034.17	3035.78	80	0	17
2025.04.07	13:35:00	3035.70	3036.06	3033.14	3033.19	98	0	17
2025.04.07	13:36:00	3033.16	3033.61	3032.58	3032.78	82	0	17
2025.04.07	13:37:00	3032.75	3034.96	3032.33	3034.57	96	0	17
2025.04.07	13:38:00	3034.64	3035.76	3034.64	3035.50	94	0	17
2025.04.07	13:39:00	3035.40	3036.10	3033.69	3033.81	86	0	17
2025.04.07	13:40:00	3033.79	3033.79	3032.19	3032.77	103	0	17
2025.04.07	13:41:00	3032.76	3036.19	3032.61	3035.93	111	0	16
2025.04.07	13:42:00	3035.94	3036.20	3032.54	3033.66	104	0	16
2025.04.07	13:43:00	3033.60	3034.81	3032.34	3034.81	98	0	17
2025.04.07	13:44:00	3034.94	3035.64	3032.24	3032.35	86	0	17
2025.04.07	13:45:00	3032.26	3032.38	3030.04	3030.65	83	0	17
2025.04.07	13:46:00	3030.50	3033.07	3030.50	3032.77	80	0	17
2025.04.07	13:47:00	3033.14	3034.12	3032.46	3033.67	86	0	17
2025.04.07	13:48:00	3033.62	3035.16	3033.28	3034.10	87	0	17
2025.04.07	13:49:00	3034.11	3034.77	3033.81	3034.05	84	0	17
2025.04.07	13:50:00	3034.05	3036.00	3034.05	3035.48	99	0	17
2025.04.07	13:51:00	3035.50	3035.60	3034.44	3034.94	82	0	17
2025.04.07	13:52:00	3035.02	3036.38	3034.29	3036.27	87	0	17
2025.04.07	13:53:00	3035.87	3036.22	3033.59	3034.30	88	0	17
2025.04.07	13:54:00	3034.48	3034.76	3033.35	3034.30	86	0	17
2025.04.07	13:55:00	3034.07	3035.40	3033.44	3035.21	85	0	17
2025.04.07	13:56:00	3035.30	3035.53	3033.10	3033.15	92	0	17
2025.04.07	13:57:00	3032.81	3033.37	3031.10	3031.40	99	0	17
2025.04.07	13:58:00	3031.49	3033.15	3031.02	3031.53	97	0	20
2025.04.07	13:59:00	3031.54	3031.83	3031.00	3031.23	84	0	18
2025.04.07	14:00:00	3031.09	3034.05	3031.03	3033.16	101	0	17
2025.04.07	14:01:00	3032.46	3035.28	3032.46	3034.73	88	0	18
2025.04.07	14:02:00	3034.59	3036.13	3034.21	3035.53	79	0	13
2025.04.07	14:03:00	3035.53	3036.93	3035.00	3035.30	93	0	13
2025.04.07	14:04:00	3035.30	3036.06	3034.45	3035.16	98	0	17
2025.04.07	14:05:00	3035.27	3035.53	3034.22	3035.51	82	0	17
2025.04.07	14:06:00	3035.53	3038.28	3035.53	3037.80	94	0	17
2025.04.07	14:07:00	3037.83	3039.45	3037.66	3039.03	87	0	17
2025.04.07	14:08:00	3039.04	3041.65	3039.04	3040.03	99	0	17
2025.04.07	14:09:00	3040.04	3040.61	3039.64	3040.18	80	0	17
2025.04.07	14:10:00	3040.43	3040.50	3038.38	3038.90	100	0	17
2025.04.07	14:11:00	3038.26	3038.76	3036.30	3038.35	101	0	17
2025.04.07	14:12:00	3038.48	3040.60	3036.85	3040.48	106	0	17
2025.04.07	14:13:00	3040.49	3042.24	3039.73	3040.49	96	0	9
2025.04.07	14:14:00	3040.48	3040.97	3039.70	3040.23	87	0	17
2025.04.07	14:15:00	3040.27	3041.59	3039.88	3041.23	95	0	17
2025.04.07	14:16:00	3041.24	3041.50	3039.33	3039.69	80	0	17
2025.04.07	14:17:00	3039.78	3040.00	3038.92	3039.98	60	0	17
2025.04.07	14:18:00	3040.06	3042.31	3039.90	3041.55	84	0	17
2025.04.07	14:19:00	3041.22	3041.88	3040.17	3041.38	66	0	17
2025.04.07	14:20:00	3041.20	3044.19	3041.15	3041.15	105	0	17
2025.04.07	14:21:00	3041.18	3041.74	3038.75	3038.81	99	0	17
2025.04.07	14:22:00	3038.78	3040.13	3038.76	3040.12	77	0	17
2025.04.07	14:23:00	3039.81	3043.42	3039.81	3043.41	94	0	17
2025.04.07	14:24:00	3043.38	3043.63	3041.81	3043.24	95	0	17
2025.04.07	14:25:00	3043.02	3043.37	3040.83	3041.73	102	0	27
2025.04.07	14:26:00	3041.66	3042.89	3041.42	3041.97	108	0	17
2025.04.07	14:27:00	3042.05	3042.90	3039.83	3040.19	107	0	17
2025.04.07	14:28:00	3040.13	3041.64	3039.37	3040.96	104	0	15
2025.04.07	14:29:00	3040.93	3041.01	3039.32	3039.94	86	0	17
2025.04.07	14:30:00	3040.09	3040.76	3039.70	3040.03	95	0	17
2025.04.07	14:31:00	3040.06	3041.98	3038.78	3041.85	101	0	17
2025.04.07	14:32:00	3041.76	3042.13	3039.85	3040.57	103	0	17
2025.04.07	14:33:00	3040.77	3040.84	3038.99	3040.72	102	0	17
2025.04.07	14:34:00	3040.86	3041.02	3039.53	3040.67	94	0	17
2025.04.07	14:35:00	3040.63	3042.98	3040.52	3042.59	103	0	18
2025.04.07	14:36:00	3042.88	3045.98	3042.86	3045.93	96	0	17
2025.04.07	14:37:00	3045.83	3045.83	3043.45	3043.54	100	0	17
2025.04.07	14:38:00	3043.58	3044.04	3041.18	3041.18	98	0	17
2025.04.07	14:39:00	3041.14	3042.03	3039.73	3041.28	103	0	17
2025.04.07	14:40:00	3041.29	3043.88	3040.33	3043.72	107	0	17
2025.04.07	14:41:00	3043.70	3044.76	3040.99	3040.99	114	0	17
2025.04.07	14:42:00	3041.22	3041.57	3039.83	3039.83	100	0	18
2025.04.07	14:43:00	3039.83	3040.21	3039.16	3039.42	85	0	17
2025.04.07	14:44:00	3039.50	3040.97	3039.14	3039.31	83	0	17
2025.04.07	14:45:00	3039.46	3040.12	3039.01	3039.53	81	0	17
2025.04.07	14:46:00	3039.60	3040.24	3038.05	3038.20	98	0	17
2025.04.07	14:47:00	3038.04	3038.16	3036.40	3036.64	96	0	17
2025.04.07	14:48:00	3036.64	3038.43	3035.38	3037.60	93	0	17
2025.04.07	14:49:00	3037.55	3038.83	3036.77	3038.65	89	0	17
2025.04.07	14:50:00	3038.71	3039.72	3037.34	3039.57	82	0	9
2025.04.07	14:51:00	3039.50	3039.50	3037.48	3037.82	77	0	17
2025.04.07	14:52:00	3037.82	3037.84	3035.02	3036.17	97	0	17
2025.04.07	14:53:00	3036.30	3036.34	3034.66	3036.08	103	0	17
2025.04.07	14:54:00	3036.19	3037.26	3034.97	3035.87	92	0	17
2025.04.07	14:55:00	3036.41	3036.65	3035.25	3035.34	92	0	17
2025.04.07	14:56:00	3035.35	3035.35	3032.69	3032.70	97	0	17
2025.04.07	14:57:00	3032.49	3033.77	3032.09	3032.58	94	0	17
2025.04.07	14:58:00	3032.41	3034.14	3031.68	3032.00	89	0	17
2025.04.07	14:59:00	3031.84	3031.93	3030.28	3031.19	74	0	17
2025.04.07	15:00:00	3031.43	3031.48	3028.13	3028.56	101	0	17
2025.04.07	15:01:00	3028.56	3029.76	3027.35	3027.35	99	0	17
2025.04.07	15:02:00	3027.35	3030.80	3027.03	3030.28	105	0	17
2025.04.07	15:03:00	3030.45	3030.84	3028.38	3028.55	100	0	17
2025.04.07	15:04:00	3028.58	3028.61	3026.91	3027.51	98	0	17
2025.04.07	15:05:00	3027.49	3028.47	3026.21	3027.57	104	0	16
2025.04.07	15:06:00	3027.44	3027.44	3025.67	3027.31	99	0	17
2025.04.07	15:07:00	3027.43	3029.24	3027.27	3027.96	106	0	17
2025.04.07	15:08:00	3027.67	3028.11	3026.13	3027.11	98	0	10
2025.04.07	15:09:00	3027.28	3028.91	3027.15	3028.91	97	0	17
2025.04.07	15:10:00	3028.76	3028.76	3026.75	3026.98	93	0	17
2025.04.07	15:11:00	3026.93	3028.58	3026.64	3027.27	99	0	17
2025.04.07	15:12:00	3027.24	3027.35	3026.05	3026.51	96	0	17
2025.04.07	15:13:00	3026.49	3027.11	3025.49	3025.82	98	0	17
2025.04.07	15:14:00	3025.69	3026.96	3025.07	3025.76	96	0	17
2025.04.07	15:15:00	3025.75	3030.03	3024.41	3029.62	109	0	17
2025.04.07	15:16:00	3029.22	3030.53	3028.51	3030.07	104	0	17
2025.04.07	15:17:00	3030.18	3030.68	3028.16	3028.40	93	0	17
2025.04.07	15:18:00	3028.50	3030.19	3027.82	3029.45	108	0	17
2025.04.07	15:19:00	3029.42	3031.38	3029.34	3030.08	105	0	14
2025.04.07	15:20:00	3028.77	3029.87	3026.35	3029.24	112	0	17
2025.04.07	15:21:00	3029.21	3029.82	3027.60	3029.47	107	0	17
2025.04.07	15:22:00	3029.54	3031.50	3028.58	3029.93	109	0	17
2025.04.07	15:23:00	3029.92	3030.39	3028.64	3029.25	107	0	17
2025.04.07	15:24:00	3029.49	3030.93	3028.57	3029.17	112	0	17
2025.04.07	15:25:00	3029.41	3030.98	3029.07	3029.15	110	0	17
2025.04.07	15:26:00	3029.44	3030.66	3027.98	3028.05	107	0	17
2025.04.07	15:27:00	3028.05	3029.17	3027.63	3027.68	107	0	17
2025.04.07	15:28:00	3027.72	3028.30	3025.77	3027.74	104	0	17
2025.04.07	15:29:00	3027.64	3028.16	3026.50	3026.64	110	0	17
2025.04.07	15:30:00	3026.80	3029.37	3026.23	3029.29	108	0	17
2025.04.07	15:31:00	3029.28	3030.13	3026.95	3026.98	110	0	17
2025.04.07	15:32:00	3026.32	3027.01	3025.62	3025.99	105	0	16
2025.04.07	15:33:00	3025.72	3026.74	3025.12	3025.48	103	0	10
2025.04.07	15:34:00	3025.65	3025.65	3021.57	3021.81	110	0	17
2025.04.07	15:35:00	3021.57	3021.84	3016.11	3016.11	113	0	7
2025.04.07	15:36:00	3016.05	3018.90	3015.71	3018.46	116	0	17
2025.04.07	15:37:00	3018.47	3019.82	3017.54	3018.61	111	0	17
2025.04.07	15:38:00	3018.70	3019.74	3015.12	3015.24	111	0	17
2025.04.07	15:39:00	3015.15	3017.38	3015.01	3016.21	114	0	17
2025.04.07	15:40:00	3016.35	3017.67	3015.60	3015.60	111	0	17
2025.04.07	15:41:00	3015.74	3016.02	3014.70	3015.86	101	0	17
2025.04.07	15:42:00	3015.87	3019.69	3015.73	3019.66	108	0	13
2025.04.07	15:43:00	3019.63	3020.00	3018.31	3019.05	114	0	17
2025.04.07	15:44:00	3019.10	3020.31	3018.33	3020.31	112	0	17
2025.04.07	15:45:00	3020.09	3025.08	3019.64	3023.84	118	0	17
2025.04.07	15:46:00	3024.13	3025.94	3023.20	3025.51	105	0	12
2025.04.07	15:47:00	3025.46	3026.83	3024.64	3025.25	96	0	17
2025.04.07	15:48:00	3025.26	3027.09	3024.87	3026.82	90	0	17
2025.04.07	15:49:00	3027.21	3027.79	3024.95	3026.00	110	0	17
2025.04.07	15:50:00	3026.04	3026.57	3024.11	3025.52	104	0	17
2025.04.07	15:51:00	3025.71	3028.40	3025.71	3027.67	101	0	17
2025.04.07	15:52:00	3028.02	3028.92	3026.91	3027.35	94	0	17
2025.04.07	15:53:00	3027.35	3031.14	3027.11	3030.97	99	0	17
2025.04.07	15:54:00	3031.01	3032.48	3030.48	3032.10	96	0	17
2025.04.07	15:55:00	3032.16	3032.89	3029.86	3030.71	101	0	17
2025.04.07	15:56:00	3030.56	3032.03	3030.06	3031.54	96	0	17
2025.04.07	15:57:00	3031.48	3032.24	3031.09	3031.90	85	0	15
2025.04.07	15:58:00	3031.88	3032.25	3028.31	3029.43	98	0	11
2025.04.07	15:59:00	3029.59	3031.27	3029.01	3031.23	69	0	17
2025.04.07	16:00:00	3030.82	3033.68	3030.30	3031.19	113	0	17
2025.04.07	16:01:00	3031.17	3033.05	3029.07	3031.76	119	0	17
2025.04.07	16:02:00	3031.89	3034.01	3031.11	3031.65	117	0	17
2025.04.07	16:03:00	3031.37	3033.90	3030.97	3032.20	112	0	17
2025.04.07	16:04:00	3031.99	3032.29	3029.64	3029.64	101	0	17
2025.04.07	16:05:00	3029.61	3029.61	3026.59	3027.65	111	0	17
2025.04.07	16:06:00	3027.85	3028.00	3026.75	3027.74	111	0	17
2025.04.07	16:07:00	3027.70	3027.98	3026.24	3026.59	106	0	18
2025.04.07	16:08:00	3026.58	3029.36	3025.94	3029.36	106	0	17
2025.04.07	16:09:00	3029.46	3030.54	3028.37	3030.10	102	0	17
2025.04.07	16:10:00	3029.85	3029.86	3027.20	3027.81	102	0	17
2025.04.07	16:11:00	3027.82	3028.23	3025.39	3025.48	101	0	17
2025.04.07	16:12:00	3025.46	3026.20	3024.55	3025.06	99	0	17
2025.04.07	16:13:00	3025.02	3027.54	3025.02	3027.24	102	0	17
2025.04.07	16:14:00	3027.33	3028.21	3026.97	3027.56	102	0	17
2025.04.07	16:15:00	3027.49	3027.98	3025.56	3026.24	116	0	17
2025.04.07	16:16:00	3026.56	3026.84	3023.55	3023.69	106	0	14
2025.04.07	16:17:00	3023.72	3023.93	3021.42	3022.31	96	0	17
2025.04.07	16:18:00	3022.29	3026.06	3021.79	3026.06	107	0	17
2025.04.07	16:19:00	3026.66	3027.19	3025.55	3026.69	98	0	17
2025.04.07	16:20:00	3026.23	3026.83	3024.50	3026.41	106	0	17
2025.04.07	16:21:00	3026.60	3027.22	3025.85	3026.20	87	0	12
2025.04.07	16:22:00	3025.95	3028.31	3025.50	3027.80	97	0	17
2025.04.07	16:23:00	3027.68	3028.06	3025.72	3025.72	81	0	17
2025.04.07	16:24:00	3025.71	3027.85	3025.48	3027.52	95	0	17
2025.04.07	16:25:00	3027.56	3027.91	3025.87	3027.46	107	0	12
2025.04.07	16:26:00	3027.46	3029.44	3027.07	3027.32	112	0	17
2025.04.07	16:27:00	3027.32	3030.35	3027.20	3027.37	107	0	17
2025.04.07	16:28:00	3027.37	3027.57	3025.38	3025.43	105	0	17
2025.04.07	16:29:00	3025.59	3026.36	3024.06	3024.68	109	0	15
2025.04.07	16:30:00	3024.24	3024.24	3021.40	3022.76	116	0	14
2025.04.07	16:31:00	3022.75	3026.74	3022.09	3022.28	117	0	17
2025.04.07	16:32:00	3022.58	3023.60	3019.79	3020.65	118	0	17
2025.04.07	16:33:00	3020.55	3020.55	3017.25	3017.35	113	0	17
2025.04.07	16:34:00	3017.46	3017.96	3014.53	3014.66	114	0	16
2025.04.07	16:35:00	3014.73	3015.29	3008.41	3009.65	121	0	17
2025.04.07	16:36:00	3009.60	3010.02	3004.42	3008.80	122	0	17
2025.04.07	16:37:00	3009.08	3011.49	3005.63	3007.32	118	0	17
2025.04.07	16:38:00	3007.32	3010.24	3005.85	3008.18	116	0	10
2025.04.07	16:39:00	3007.92	3011.24	3007.28	3010.95	117	0	17
2025.04.07	16:40:00	3011.01	3013.85	3008.87	3012.15	120	0	16
2025.04.07	16:41:00	3012.14	3013.05	3010.11	3011.15	114	0	13
2025.04.07	16:42:00	3011.08	3011.08	3004.53	3005.57	118	0	16
2025.04.07	16:43:00	3005.31	3005.31	3001.73	3003.94	121	0	17
2025.04.07	16:44:00	3003.77	3007.27	3003.17	3006.85	117	0	16
2025.04.07	16:45:00	3006.73	3011.12	3006.73	3008.35	117	0	17
2025.04.07	16:46:00	3008.37	3008.53	3004.66	3006.73	119	0	17
2025.04.07	16:47:00	3006.91	3007.07	3004.35	3005.35	117	0	17
2025.04.07	16:48:00	3005.38	3006.81	3004.05	3005.05	112	0	17
2025.04.07	16:49:00	3004.87	3007.73	3004.66	3007.07	115	0	17
2025.04.07	16:50:00	3006.92	3010.22	3006.43	3008.34	110	0	17
2025.04.07	16:51:00	3008.59	3010.45	3007.39	3007.39	118	0	17
2025.04.07	16:52:00	3007.07	3010.05	3006.80	3009.39	114	0	13
2025.04.07	16:53:00	3009.51	3011.08	3009.27	3009.61	114	0	15
2025.04.07	16:54:00	3009.38	3010.22	3008.26	3010.17	107	0	17
2025.04.07	16:55:00	3010.27	3012.80	3009.48	3010.38	120	0	7
2025.04.07	16:56:00	3010.67	3014.44	3010.67	3013.85	110	0	14
2025.04.07	16:57:00	3013.71	3016.13	3013.71	3015.67	110	0	16
2025.04.07	16:58:00	3015.83	3019.04	3015.34	3019.04	116	0	15
2025.04.07	16:59:00	3019.03	3019.11	3015.32	3015.37	119	0	16
2025.04.07	17:00:00	3014.84	3017.38	3014.28	3015.92	116	0	15
2025.04.07	17:01:00	3016.14	3016.17	3012.08	3013.14	117	0	17
2025.04.07	17:02:00	3013.41	3015.15	3012.92	3013.05	119	0	17
2025.04.07	17:03:00	3013.22	3014.82	3011.06	3012.95	116	0	17
2025.04.07	17:04:00	3012.94	3016.13	3012.50	3014.14	112	0	17
2025.04.07	17:05:00	3014.12	3016.77	3013.39	3016.23	115	0	14
2025.04.07	17:06:00	3016.05	3019.59	3015.95	3019.50	114	0	17
2025.04.07	17:07:00	3019.38	3019.38	3016.76	3017.94	107	0	17
2025.04.07	17:08:00	3018.06	3019.15	3017.25	3017.83	116	0	17
2025.04.07	17:09:00	3017.93	3019.01	3015.36	3015.36	114	0	12
2025.04.07	17:10:00	3015.42	3019.88	3014.65	3018.14	116	0	10
2025.04.07	17:11:00	3018.37	3027.15	3018.20	3025.39	125	0	17
2025.04.07	17:12:00	3025.38	3029.49	3023.66	3029.15	126	0	17
2025.04.07	17:13:00	3029.03	3030.89	3025.64	3030.89	129	0	17
2025.04.07	17:14:00	3030.53	3032.25	3025.73	3026.53	127	0	17
2025.04.07	17:15:00	3027.16	3035.06	3026.37	3033.79	135	0	17
2025.04.07	17:16:00	3034.24	3036.65	3032.31	3036.33	121	0	17
2025.04.07	17:17:00	3036.64	3037.59	3035.01	3037.46	123	0	8
2025.04.07	17:18:00	3037.71	3037.97	3029.33	3029.33	127	0	17
2025.04.07	17:19:00	3029.50	3031.08	3026.44	3028.04	124	0	17
2025.04.07	17:20:00	3028.35	3029.98	3026.96	3027.62	118	0	17
2025.04.07	17:21:00	3027.30	3029.44	3026.97	3028.79	120	0	17
2025.04.07	17:22:00	3026.38	3027.01	3018.39	3023.09	130	0	5
2025.04.07	17:23:00	3023.18	3025.89	3021.43	3022.18	135	0	17
2025.04.07	17:24:00	3021.57	3022.58	3015.35	3017.84	131	0	17
2025.04.07	17:25:00	3017.67	3018.71	3014.51	3016.70	137	0	17
2025.04.07	17:26:00	3016.70	3017.08	3012.94	3013.50	128	0	17
2025.04.07	17:27:00	3013.32	3015.33	3007.65	3009.05	121	0	17
2025.04.07	17:28:00	3009.66	3009.93	3004.99	3006.39	124	0	17
2025.04.07	17:29:00	3006.30	3010.72	3006.12	3008.86	121	0	17
2025.04.07	17:30:00	3007.82	3009.59	3005.33	3007.94	124	0	17
2025.04.07	17:31:00	3007.62	3010.06	3007.06	3008.45	120	0	17
2025.04.07	17:32:00	3008.96	3013.22	3008.95	3012.78	120	0	17
2025.04.07	17:33:00	3012.78	3013.65	3006.75	3008.12	123	0	17
2025.04.07	17:34:00	3008.72	3010.44	3004.99	3006.01	126	0	17
2025.04.07	17:35:00	3005.07	3007.69	3004.38	3006.25	125	0	18
2025.04.07	17:36:00	3005.94	3006.87	3000.50	3003.16	128	0	17
2025.04.07	17:37:00	3002.83	3004.32	2998.56	3002.40	124	0	17
2025.04.07	17:38:00	3002.40	3003.15	2999.36	2999.46	119	0	17
2025.04.07	17:39:00	2999.45	3000.01	2996.91	2998.08	117	0	18
2025.04.07	17:40:00	2998.38	3001.34	2997.92	2999.61	121	0	17
2025.04.07	17:41:00	2999.60	3001.67	2999.23	2999.52	119	0	17
2025.04.07	17:42:00	2999.26	3001.51	2998.67	3000.49	121	0	9
2025.04.07	17:43:00	3000.79	3001.46	2999.54	3000.25	110	0	16
2025.04.07	17:44:00	3000.33	3004.32	3000.02	3003.07	116	0	17
2025.04.07	17:45:00	3003.29	3009.67	3002.13	3006.91	122	0	17
2025.04.07	17:46:00	3006.95	3008.07	3004.84	3005.73	118	0	17
2025.04.07	17:47:00	3005.80	3006.09	3002.73	3003.34	108	0	17
2025.04.07	17:48:00	3003.17	3004.72	3003.17	3004.18	105	0	17
2025.04.07	17:49:00	3004.76	3006.94	3001.37	3002.35	101	0	16
2025.04.07	17:50:00	3001.84	3004.52	3000.33	3004.52	114	0	16
2025.04.07	17:51:00	3004.51	3006.19	3002.79	3003.93	118	0	17
2025.04.07	17:52:00	3004.31	3006.12	2996.76	2997.65	122	0	17
2025.04.07	17:53:00	2997.43	3001.37	2996.20	3001.17	130	0	17
2025.04.07	17:54:00	3000.81	3001.19	2997.93	2999.96	121	0	17
2025.04.07	17:55:00	3000.11	3002.23	2999.89	3002.13	110	0	17
2025.04.07	17:56:00	3002.22	3002.76	3000.91	3002.32	103	0	17
2025.04.07	17:57:00	3002.24	3003.80	3000.92	3003.06	104	0	17
2025.04.07	17:58:00	3003.05	3003.90	2999.23	2999.33	106	0	17
2025.04.07	17:59:00	2999.23	3000.70	2998.71	2999.25	107	0	17
2025.04.07	18:00:00	2999.52	2999.91	2997.78	2997.81	110	0	17
2025.04.07	18:01:00	2998.15	3000.91	2997.42	2998.87	119	0	17
2025.04.07	18:02:00	2999.03	3003.10	2998.97	3003.03	114	0	17
2025.04.07	18:03:00	3003.12	3004.72	3003.12	3004.39	116	0	17
2025.04.07	18:04:00	3004.43	3004.72	3000.41	3000.41	114	0	17
2025.04.07	18:05:00	3000.30	3000.30	2999.08	2999.66	104	0	17
2025.04.07	18:06:00	2999.71	3000.37	2996.63	2996.63	106	0	17
2025.04.07	18:07:00	2996.60	2999.00	2996.21	2998.55	109	0	17
2025.04.07	18:08:00	2998.54	2998.60	2994.27	2995.40	114	0	17
2025.04.07	18:09:00	2995.44	2995.44	2991.55	2991.74	107	0	17
2025.04.07	18:10:00	2991.55	2992.54	2989.47	2989.48	114	0	17
2025.04.07	18:11:00	2989.40	2989.80	2986.37	2986.37	120	0	15
2025.04.07	18:12:00	2986.53	2987.57	2985.59	2986.92	114	0	17
2025.04.07	18:13:00	2986.80	2987.24	2984.98	2984.98	113	0	17
2025.04.07	18:14:00	2985.00	2987.80	2983.85	2984.78	124	0	17
2025.04.07	18:15:00	2984.08	2987.54	2984.08	2986.98	124	0	16
2025.04.07	18:16:00	2986.56	2989.36	2984.59	2989.13	121	0	17
2025.04.07	18:17:00	2989.13	2989.87	2987.61	2989.80	121	0	15
2025.04.07	18:18:00	2990.21	2995.32	2989.61	2993.82	117	0	17
2025.04.07	18:19:00	2994.05	2998.76	2993.76	2994.90	132	0	17
2025.04.07	18:20:00	2994.29	2995.79	2992.47	2995.79	116	0	17
2025.04.07	18:21:00	2995.88	2996.83	2994.67	2995.09	111	0	18
2025.04.07	18:22:00	2994.31	2996.54	2994.31	2996.36	104	0	17
2025.04.07	18:23:00	2996.42	2997.40	2993.96	2994.29	113	0	17
2025.04.07	18:24:00	2994.08	2994.31	2989.71	2989.79	104	0	17
2025.04.07	18:25:00	2989.30	2993.20	2989.01	2991.42	117	0	17
2025.04.07	18:26:00	2991.42	2992.24	2989.76	2990.08	102	0	15
2025.04.07	18:27:00	2990.07	2990.07	2986.96	2987.22	95	0	17
2025.04.07	18:28:00	2987.37	2988.13	2985.22	2985.67	107	0	17
2025.04.07	18:29:00	2985.33	2987.00	2984.34	2986.66	100	0	17
2025.04.07	18:30:00	2987.11	2987.78	2984.87	2987.21	112	0	17
2025.04.07	18:31:00	2987.15	2988.66	2986.85	2987.64	114	0	17
2025.04.07	18:32:00	2987.54	2987.60	2984.06	2984.06	110	0	17
2025.04.07	18:33:00	2984.07	2985.86	2984.07	2984.71	109	0	14
2025.04.07	18:34:00	2984.71	2985.78	2981.49	2981.98	110	0	17
2025.04.07	18:35:00	2981.63	2984.56	2981.15	2982.34	119	0	17
2025.04.07	18:36:00	2982.37	2985.81	2981.17	2982.37	116	0	17
2025.04.07	18:37:00	2982.08	2983.32	2982.01	2983.32	107	0	17
2025.04.07	18:38:00	2983.31	2985.68	2983.07	2984.72	113	0	17
2025.04.07	18:39:00	2984.63	2986.08	2983.55	2984.54	107	0	17
2025.04.07	18:40:00	2984.47	2985.77	2982.82	2985.76	112	0	17
2025.04.07	18:41:00	2985.73	2986.29	2983.41	2985.60	110	0	17
2025.04.07	18:42:00	2985.50	2986.55	2983.43	2983.54	112	0	17
2025.04.07	18:43:00	2983.57	2986.05	2983.50	2985.13	112	0	12
2025.04.07	18:44:00	2985.31	2985.53	2982.85	2984.50	107	0	5
2025.04.07	18:45:00	2984.52	2985.78	2982.94	2983.25	113	0	17
2025.04.07	18:46:00	2983.11	2984.24	2981.91	2982.45	105	0	17
2025.04.07	18:47:00	2982.43	2983.88	2982.33	2982.41	108	0	17
2025.04.07	18:48:00	2982.71	2983.20	2981.14	2981.65	114	0	17
2025.04.07	18:49:00	2981.67	2982.84	2981.15	2981.97	113	0	17
2025.04.07	18:50:00	2981.97	2983.62	2981.77	2982.38	111	0	17
2025.04.07	18:51:00	2982.16	2982.16	2979.82	2980.02	112	0	14
2025.04.07	18:52:00	2980.27	2983.18	2979.81	2982.16	109	0	17
2025.04.07	18:53:00	2982.16	2982.54	2980.15	2980.89	104	0	17
2025.04.07	18:54:00	2980.93	2981.98	2979.95	2981.81	104	0	17
2025.04.07	18:55:00	2981.81	2984.53	2981.61	2983.57	107	0	17
2025.04.07	18:56:00	2983.65	2986.74	2982.97	2986.46	110	0	17
2025.04.07	18:57:00	2986.37	2986.85	2984.73	2985.72	106	0	8
2025.04.07	18:58:00	2985.62	2987.84	2984.53	2985.78	103	0	17
2025.04.07	18:59:00	2985.92	2988.07	2985.54	2987.46	107	0	17
2025.04.07	19:00:00	2987.45	2987.45	2984.30	2986.89	106	0	17
2025.04.07	19:01:00	2987.62	2987.79	2984.63	2984.98	110	0	17
2025.04.07	19:02:00	2985.11	2985.11	2982.25	2982.89	111	0	17
2025.04.07	19:03:00	2982.64	2982.96	2979.22	2980.38	113	0	17
2025.04.07	19:04:00	2980.38	2981.71	2979.79	2980.74	106	0	17
2025.04.07	19:05:00	2980.75	2982.20	2979.82	2980.38	104	0	17
2025.04.07	19:06:00	2980.14	2981.45	2979.89	2981.03	105	0	17
2025.04.07	19:07:00	2981.24	2981.77	2980.65	2981.38	98	0	17
2025.04.07	19:08:00	2981.32	2981.74	2979.85	2980.70	103	0	17
2025.04.07	19:09:00	2980.69	2980.72	2979.68	2980.24	99	0	14
2025.04.07	19:10:00	2979.81	2980.20	2979.47	2980.00	100	0	17
2025.04.07	19:11:00	2980.13	2980.53	2977.34	2980.53	111	0	14
2025.04.07	19:12:00	2980.68	2981.14	2979.93	2980.70	112	0	14
2025.04.07	19:13:00	2980.79	2983.07	2980.79	2981.46	113	0	5
2025.04.07	19:14:00	2981.63	2981.63	2979.39	2979.88	95	0	17
2025.04.07	19:15:00	2979.93	2982.06	2979.93	2981.12	98	0	17
2025.04.07	19:16:00	2981.10	2983.73	2980.59	2983.46	106	0	17
2025.04.07	19:17:00	2983.56	2985.30	2981.53	2981.63	100	0	15
2025.04.07	19:18:00	2981.51	2981.57	2979.78	2979.84	106	0	8
2025.04.07	19:19:00	2979.83	2982.40	2979.48	2981.73	98	0	17
2025.04.07	19:20:00	2981.72	2981.95	2979.53	2979.56	104	0	17
2025.04.07	19:21:00	2979.62	2980.26	2975.99	2976.16	103	0	17
2025.04.07	19:22:00	2976.07	2977.43	2975.16	2977.04	105	0	17
2025.04.07	19:23:00	2977.06	2978.24	2976.78	2978.15	102	0	17
2025.04.07	19:24:00	2978.17	2978.63	2977.05	2978.48	95	0	17
2025.04.07	19:25:00	2978.59	2981.02	2978.34	2980.92	100	0	17
2025.04.07	19:26:00	2980.89	2982.41	2979.73	2982.41	100	0	17
2025.04.07	19:27:00	2982.40	2982.48	2978.86	2979.10	99	0	17
2025.04.07	19:28:00	2979.08	2979.33	2977.60	2977.82	107	0	17
2025.04.07	19:29:00	2977.83	2978.64	2977.39	2977.86	91	0	17
2025.04.07	19:30:00	2977.77	2979.63	2977.55	2979.32	100	0	17
2025.04.07	19:31:00	2979.43	2982.45	2979.23	2982.44	100	0	17
2025.04.07	19:32:00	2982.35	2983.25	2981.78	2983.10	92	0	17
2025.04.07	19:33:00	2982.91	2984.69	2982.51	2983.07	100	0	17
2025.04.07	19:34:00	2983.15	2984.62	2982.60	2984.26	81	0	17
2025.04.07	19:35:00	2984.35	2984.67	2981.92	2982.81	91	0	17
2025.04.07	19:36:00	2982.82	2983.10	2980.80	2982.07	91	0	17
2025.04.07	19:37:00	2981.96	2981.96	2980.66	2981.40	98	0	17
2025.04.07	19:38:00	2981.55	2982.44	2980.07	2980.14	102	0	17
2025.04.07	19:39:00	2979.87	2980.16	2978.89	2979.27	88	0	17
2025.04.07	19:40:00	2979.36	2981.24	2978.67	2978.76	102	0	17
2025.04.07	19:41:00	2978.99	2978.99	2977.35	2977.75	104	0	17
2025.04.07	19:42:00	2977.74	2977.74	2975.86	2976.73	104	0	17
2025.04.07	19:43:00	2976.89	2977.91	2975.65	2975.65	105	0	17
2025.04.07	19:44:00	2975.58	2976.04	2975.13	2975.30	97	0	17
2025.04.07	19:45:00	2975.29	2975.29	2973.38	2973.67	102	0	13
2025.04.07	19:46:00	2973.59	2974.50	2973.20	2973.21	98	0	14
2025.04.07	19:47:00	2973.15	2975.65	2972.98	2974.46	98	0	17
2025.04.07	19:48:00	2974.58	2974.76	2972.83	2973.30	97	0	17
2025.04.07	19:49:00	2973.28	2973.75	2972.03	2972.57	97	0	17
2025.04.07	19:50:00	2972.33	2973.56	2971.49	2973.12	108	0	17
2025.04.07	19:51:00	2972.98	2974.36	2971.92	2973.12	115	0	17
2025.04.07	19:52:00	2973.19	2974.00	2971.85	2972.75	118	0	17
2025.04.07	19:53:00	2973.08	2973.83	2972.03	2972.35	99	0	17
2025.04.07	19:54:00	2972.53	2973.11	2970.91	2972.02	102	0	17
2025.04.07	19:55:00	2972.06	2972.69	2970.69	2971.39	99	0	17
2025.04.07	19:56:00	2971.36	2972.23	2970.58	2971.14	102	0	17
2025.04.07	19:57:00	2971.15	2972.29	2970.91	2970.94	99	0	18
2025.04.07	19:58:00	2970.99	2971.55	2970.27	2970.30	94	0	17
2025.04.07	19:59:00	2970.30	2970.96	2969.94	2970.43	99	0	17
2025.04.07	20:00:00	2970.40	2975.15	2970.40	2973.27	117	0	16
2025.04.07	20:01:00	2973.61	2975.08	2972.89	2973.46	112	0	17
2025.04.07	20:02:00	2973.43	2973.68	2971.45	2971.45	97	0	17
2025.04.07	20:03:00	2971.24	2972.31	2969.83	2970.94	98	0	16
2025.04.07	20:04:00	2971.00	2971.00	2965.67	2966.48	99	0	14
2025.04.07	20:05:00	2966.44	2969.79	2966.44	2969.06	102	0	17
2025.04.07	20:06:00	2968.78	2970.71	2967.34	2967.42	99	0	17
2025.04.07	20:07:00	2967.44	2968.36	2965.77	2966.77	85	0	17
2025.04.07	20:08:00	2966.82	2966.82	2963.69	2963.92	78	0	17
2025.04.07	20:09:00	2963.53	2963.72	2960.85	2962.32	109	0	17
2025.04.07	20:10:00	2962.34	2962.99	2961.63	2962.18	113	0	17
2025.04.07	20:11:00	2962.29	2963.88	2959.59	2960.36	117	0	17
2025.04.07	20:12:00	2960.37	2962.29	2960.10	2960.26	116	0	17
2025.04.07	20:13:00	2960.27	2964.84	2960.18	2964.08	110	0	17
2025.04.07	20:14:00	2963.96	2966.91	2963.39	2966.20	114	0	16
2025.04.07	20:15:00	2965.59	2967.27	2964.82	2966.35	110	0	17
2025.04.07	20:16:00	2966.26	2967.36	2964.94	2966.33	106	0	17
2025.04.07	20:17:00	2966.53	2966.61	2965.07	2965.83	105	0	15
2025.04.07	20:18:00	2966.07	2967.11	2965.20	2966.90	110	0	17
2025.04.07	20:19:00	2966.94	2969.25	2966.94	2967.38	103	0	17
2025.04.07	20:20:00	2967.34	2967.39	2965.39	2966.65	109	0	17
2025.04.07	20:21:00	2966.07	2967.19	2964.91	2966.69	115	0	17
2025.04.07	20:22:00	2966.62	2969.65	2966.19	2967.60	101	0	17
2025.04.07	20:23:00	2967.51	2968.81	2966.51	2968.16	110	0	17
2025.04.07	20:24:00	2967.85	2969.47	2966.20	2969.08	114	0	17
2025.04.07	20:25:00	2969.14	2970.44	2967.16	2967.84	117	0	17
2025.04.07	20:26:00	2967.89	2968.53	2966.42	2967.41	107	0	17
2025.04.07	20:27:00	2967.41	2967.72	2965.36	2965.36	107	0	17
2025.04.07	20:28:00	2965.39	2966.30	2963.61	2963.67	115	0	17
2025.04.07	20:29:00	2963.70	2963.70	2956.89	2958.95	124	0	17
2025.04.07	20:30:00	2958.27	2959.76	2956.26	2958.84	111	0	17
2025.04.07	20:31:00	2959.01	2960.48	2957.51	2958.30	114	0	18
2025.04.07	20:32:00	2958.26	2959.07	2957.53	2958.77	104	0	17
2025.04.07	20:33:00	2958.83	2959.87	2957.77	2959.32	109	0	17
2025.04.07	20:34:00	2958.98	2962.59	2958.56	2962.45	107	0	17
2025.04.07	20:35:00	2962.20	2962.68	2961.14	2961.49	109	0	17
2025.04.07	20:36:00	2961.34	2963.65	2961.34	2962.76	103	0	17
2025.04.07	20:37:00	2962.57	2964.54	2961.91	2963.78	102	0	17
2025.04.07	20:38:00	2964.26	2965.87	2963.44	2965.76	97	0	17
2025.04.07	20:39:00	2965.76	2967.65	2965.09	2965.40	104	0	17
2025.04.07	20:40:00	2965.61	2965.96	2964.15	2964.68	96	0	17
2025.04.07	20:41:00	2964.73	2966.17	2964.66	2965.60	101	0	17
2025.04.07	20:42:00	2965.70	2968.86	2965.61	2968.84	105	0	17
2025.04.07	20:43:00	2968.89	2968.89	2966.93	2968.22	97	0	17
2025.04.07	20:44:00	2968.06	2968.75	2967.85	2968.19	105	0	17
2025.04.07	20:45:00	2968.51	2969.93	2967.72	2967.77	106	0	17
2025.04.07	20:46:00	2968.04	2969.16	2966.19	2968.31	114	0	17
2025.04.07	20:47:00	2968.35	2969.94	2968.30	2968.89	98	0	16
2025.04.07	20:48:00	2968.76	2969.19	2967.15	2967.97	97	0	17
2025.04.07	20:49:00	2967.74	2968.05	2966.09	2967.72	106	0	17
2025.04.07	20:50:00	2967.68	2969.96	2967.47	2968.95	105	0	17
2025.04.07	20:51:00	2968.89	2970.29	2968.25	2969.76	98	0	17
2025.04.07	20:52:00	2970.00	2970.52	2968.69	2969.69	91	0	17
2025.04.07	20:53:00	2969.68	2972.82	2969.66	2972.08	102	0	17
2025.04.07	20:54:00	2972.36	2972.68	2971.99	2972.02	93	0	8
2025.04.07	20:55:00	2972.12	2972.48	2970.31	2971.32	104	0	17
2025.04.07	20:56:00	2971.32	2973.66	2971.27	2973.40	97	0	17
2025.04.07	20:57:00	2973.53	2973.53	2972.47	2972.78	100	0	17
2025.04.07	20:58:00	2972.78	2972.88	2971.88	2971.98	97	0	17
2025.04.07	20:59:00	2971.98	2972.11	2970.14	2970.14	104	0	17
2025.04.07	21:00:00	2970.07	2971.20	2969.48	2969.93	103	0	17
2025.04.07	21:01:00	2970.00	2970.70	2969.34	2970.25	106	0	17
2025.04.07	21:02:00	2970.30	2972.42	2970.02	2972.40	102	0	17
2025.04.07	21:03:00	2972.37	2972.40	2970.99	2972.01	91	0	17
2025.04.07	21:04:00	2972.05	2972.63	2971.56	2971.75	101	0	17
2025.04.07	21:05:00	2971.52	2971.52	2970.39	2971.30	100	0	17
2025.04.07	21:06:00	2971.40	2971.42	2969.34	2969.52	104	0	17
2025.04.07	21:07:00	2969.70	2973.38	2969.54	2973.27	103	0	17
2025.04.07	21:08:00	2973.23	2973.23	2970.92	2971.25	100	0	17
2025.04.07	21:09:00	2971.14	2971.20	2969.35	2970.29	94	0	17
2025.04.07	21:10:00	2970.27	2971.63	2969.73	2970.95	92	0	17
2025.04.07	21:11:00	2970.95	2971.52	2970.38	2971.23	92	0	17
2025.04.07	21:12:00	2971.22	2971.23	2969.30	2970.34	99	0	10
2025.04.07	21:13:00	2970.36	2971.56	2970.09	2971.41	97	0	10
2025.04.07	21:14:00	2971.20	2971.78	2970.54	2970.93	94	0	17
2025.04.07	21:15:00	2970.99	2970.99	2969.73	2970.89	88	0	17
2025.04.07	21:16:00	2970.78	2972.22	2969.77	2970.26	102	0	17
2025.04.07	21:17:00	2970.16	2972.34	2969.76	2972.12	97	0	17
2025.04.07	21:18:00	2972.15	2973.26	2971.92	2972.50	106	0	17
2025.04.07	21:19:00	2972.52	2972.52	2971.34	2971.81	97	0	17
2025.04.07	21:20:00	2971.55	2972.66	2971.55	2972.00	96	0	17
2025.04.07	21:21:00	2972.03	2973.02	2971.78	2972.71	88	0	17
2025.04.07	21:22:00	2972.65	2974.03	2972.65	2973.70	96	0	17
2025.04.07	21:23:00	2973.53	2973.53	2971.10	2971.46	95	0	17
2025.04.07	21:24:00	2971.45	2972.77	2970.56	2972.68	97	0	17
2025.04.07	21:25:00	2972.71	2972.90	2971.02	2971.12	86	0	17
2025.04.07	21:26:00	2971.10	2971.65	2970.13	2970.57	97	0	17
2025.04.07	21:27:00	2970.69	2971.99	2970.47	2971.51	94	0	17
2025.04.07	21:28:00	2971.51	2971.52	2969.43	2969.52	108	0	17
2025.04.07	21:29:00	2969.66	2970.22	2969.17	2969.79	99	0	17
2025.04.07	21:30:00	2969.89	2970.85	2969.46	2970.21	108	0	17
2025.04.07	21:31:00	2970.30	2970.64	2968.57	2969.79	96	0	17
2025.04.07	21:32:00	2969.75	2970.04	2968.91	2969.47	100	0	16
2025.04.07	21:33:00	2969.40	2970.50	2969.40	2969.95	98	0	17
2025.04.07	21:34:00	2969.97	2971.86	2969.79	2971.84	88	0	17
2025.04.07	21:35:00	2971.75	2972.91	2971.25	2972.91	96	0	16
2025.04.07	21:36:00	2972.94	2974.04	2971.77	2974.04	101	0	17
2025.04.07	21:37:00	2974.04	2975.70	2973.68	2975.08	97	0	17
2025.04.07	21:38:00	2975.11	2976.18	2974.76	2975.65	102	0	12
2025.04.07	21:39:00	2975.66	2975.90	2974.87	2974.98	98	0	13
2025.04.07	21:40:00	2975.06	2976.25	2974.40	2976.25	101	0	8
2025.04.07	21:41:00	2976.46	2976.67	2974.66	2974.78	101	0	17
2025.04.07	21:42:00	2974.88	2974.88	2973.41	2973.82	101	0	17
2025.04.07	21:43:00	2973.84	2973.93	2972.69	2973.06	97	0	17
2025.04.07	21:44:00	2973.14	2973.25	2971.56	2971.84	95	0	17
2025.04.07	21:45:00	2971.80	2971.80	2970.73	2970.82	83	0	17
2025.04.07	21:46:00	2971.06	2972.01	2970.40	2971.62	91	0	17
2025.04.07	21:47:00	2971.55	2972.37	2970.81	2970.92	96	0	17
2025.04.07	21:48:00	2970.92	2972.42	2970.40	2972.09	96	0	17
2025.04.07	21:49:00	2972.11	2972.11	2970.10	2970.31	98	0	17
2025.04.07	21:50:00	2970.21	2970.21	2967.50	2967.50	95	0	17
2025.04.07	21:51:00	2967.44	2968.10	2966.04	2966.70	90	0	17
2025.04.07	21:52:00	2966.96	2967.76	2966.89	2967.12	89	0	17
2025.04.07	21:53:00	2967.11	2967.71	2966.37	2967.01	94	0	17
2025.04.07	21:54:00	2966.93	2967.02	2964.97	2965.24	91	0	17
2025.04.07	21:55:00	2965.07	2965.26	2963.96	2964.16	97	0	17
2025.04.07	21:56:00	2964.23	2965.19	2963.94	2965.17	81	0	14
2025.04.07	21:57:00	2965.14	2965.94	2964.96	2965.43	65	0	17
2025.04.07	21:58:00	2965.37	2965.98	2964.12	2965.39	63	0	17
2025.04.07	21:59:00	2965.39	2966.39	2965.31	2965.78	76	0	17
2025.04.07	22:00:00	2965.79	2968.11	2965.32	2967.40	101	0	17
2025.04.07	22:01:00	2967.62	2968.43	2967.10	2968.43	80	0	17
2025.04.07	22:02:00	2968.40	2970.05	2967.11	2969.93	99	0	17
2025.04.07	22:03:00	2970.13	2971.45	2969.57	2970.59	95	0	17
2025.04.07	22:04:00	2970.50	2972.14	2969.78	2971.36	102	0	17
2025.04.07	22:05:00	2971.35	2972.20	2970.81	2972.20	98	0	17
2025.04.07	22:06:00	2972.29	2972.85	2971.32	2971.32	96	0	17
2025.04.07	22:07:00	2971.31	2971.59	2970.74	2970.91	96	0	17
2025.04.07	22:08:00	2970.91	2971.97	2970.54	2971.80	88	0	17
2025.04.07	22:09:00	2971.60	2972.17	2968.66	2968.67	107	0	17
2025.04.07	22:10:00	2968.57	2969.23	2968.08	2968.95	99	0	17
2025.04.07	22:11:00	2968.87	2970.30	2968.87	2969.81	97	0	17
2025.04.07	22:12:00	2969.76	2971.45	2969.76	2971.45	96	0	17
2025.04.07	22:13:00	2971.42	2971.72	2970.84	2971.23	91	0	14
2025.04.07	22:14:00	2971.21	2971.76	2970.76	2971.76	77	0	17
2025.04.07	22:15:00	2971.28	2971.31	2969.88	2970.12	91	0	17
2025.04.07	22:16:00	2970.41	2971.01	2969.44	2970.50	73	0	17
2025.04.07	22:17:00	2970.51	2971.71	2970.29	2971.04	94	0	17
2025.04.07	22:18:00	2971.16	2971.75	2970.43	2971.72	105	0	17
2025.04.07	22:19:00	2971.56	2972.02	2970.79	2971.83	92	0	15
2025.04.07	22:20:00	2971.87	2973.40	2971.87	2972.95	85	0	17
2025.04.07	22:21:00	2972.93	2973.04	2971.80	2972.87	92	0	17
2025.04.07	22:22:00	2972.90	2974.29	2972.62	2973.43	96	0	17
2025.04.07	22:23:00	2973.34	2974.59	2972.96	2974.49	93	0	17
2025.04.07	22:24:00	2974.48	2975.14	2973.85	2974.85	105	0	17
2025.04.07	22:25:00	2974.98	2975.40	2974.43	2974.87	97	0	17
2025.04.07	22:26:00	2974.84	2974.99	2973.45	2973.88	93	0	17
2025.04.07	22:27:00	2973.92	2975.06	2973.02	2974.58	105	0	17
2025.04.07	22:28:00	2974.61	2975.44	2974.11	2974.11	93	0	17
2025.04.07	22:29:00	2974.14	2974.87	2973.94	2974.11	103	0	17
2025.04.07	22:30:00	2974.22	2974.81	2973.55	2974.35	90	0	17
2025.04.07	22:31:00	2974.33	2975.39	2974.33	2975.12	100	0	17
2025.04.07	22:32:00	2975.07	2978.32	2975.07	2977.96	100	0	17
2025.04.07	22:33:00	2978.07	2978.26	2977.03	2977.47	103	0	17
2025.04.07	22:34:00	2977.37	2978.23	2977.28	2977.53	92	0	17
2025.04.07	22:35:00	2977.59	2978.02	2977.51	2977.60	101	0	17
2025.04.07	22:36:00	2977.59	2977.59	2976.06	2977.59	101	0	17
2025.04.07	22:37:00	2977.55	2979.65	2977.23	2979.33	98	0	17
2025.04.07	22:38:00	2979.46	2982.21	2979.46	2981.45	113	0	17
2025.04.07	22:39:00	2981.46	2981.50	2979.51	2979.69	105	0	17
2025.04.07	22:40:00	2979.67	2980.77	2978.70	2979.46	100	0	17
2025.04.07	22:41:00	2979.18	2980.07	2978.70	2979.40	102	0	17
2025.04.07	22:42:00	2979.34	2979.78	2978.00	2978.58	99	0	16
2025.04.07	22:43:00	2978.80	2979.27	2977.95	2978.93	100	0	17
2025.04.07	22:44:00	2978.84	2979.33	2978.15	2978.36	90	0	17
2025.04.07	22:45:00	2978.48	2978.78	2978.04	2978.47	100	0	17
2025.04.07	22:46:00	2978.48	2978.48	2977.69	2977.84	90	0	22
2025.04.07	22:47:00	2977.95	2978.13	2976.89	2977.44	61	0	24
2025.04.07	22:48:00	2977.14	2977.25	2976.45	2977.25	77	0	43
2025.04.07	22:49:00	2977.25	2977.60	2976.60	2976.60	83	0	78
2025.04.07	22:50:00	2976.65	2977.25	2976.16	2976.94	64	0	59
2025.04.07	22:51:00	2976.92	2978.05	2976.23	2977.79	83	0	60
2025.04.07	22:52:00	2977.79	2977.80	2976.09	2976.58	77	0	60
2025.04.07	22:53:00	2976.56	2977.53	2976.24	2977.17	67	0	41
2025.04.07	22:54:00	2977.20	2977.20	2975.70	2975.74	76	0	58
2025.04.07	22:55:00	2975.82	2977.35	2975.24	2977.25	85	0	25
2025.04.07	22:56:00	2977.25	2977.75	2976.53	2977.05	67	0	51
2025.04.07	22:57:00	2977.05	2978.52	2976.61	2977.68	83	0	48
2025.04.07	22:58:00	2977.55	2977.55	2975.44	2975.64	73	0	63
2025.04.07	22:59:00	2975.23	2976.45	2974.52	2976.45	80	0	7
2025.04.07	23:00:00	2976.50	2976.50	2971.33	2971.91	62	0	19
2025.04.07	23:01:00	2971.71	2972.27	2969.57	2970.73	81	0	110
2025.04.07	23:02:00	2971.15	2972.99	2969.50	2971.94	79	0	99
2025.04.07	23:03:00	2971.84	2974.57	2971.71	2973.87	55	0	110
2025.04.07	23:04:00	2974.11	2974.98	2973.80	2974.98	48	0	5
2025.04.07	23:05:00	2974.98	2975.40	2974.85	2974.96	40	0	131
2025.04.07	23:06:00	2974.84	2976.40	2974.72	2975.83	42	0	130
2025.04.07	23:07:00	2975.77	2976.29	2975.38	2975.92	39	0	138
2025.04.07	23:08:00	2975.86	2977.20	2975.86	2976.79	35	0	123
2025.04.07	23:09:00	2976.91	2977.05	2976.36	2976.77	29	0	144
2025.04.07	23:10:00	2976.73	2977.94	2976.66	2977.94	38	0	155
2025.04.07	23:11:00	2977.94	2978.51	2977.84	2978.27	55	0	145
2025.04.07	23:12:00	2978.31	2978.90	2977.85	2978.80	38	0	146
2025.04.07	23:13:00	2978.64	2980.25	2978.64	2978.94	42	0	137
2025.04.07	23:14:00	2978.71	2979.50	2978.60	2978.87	44	0	135
2025.04.07	23:15:00	2979.06	2981.18	2979.06	2980.80	55	0	127
2025.04.07	23:16:00	2980.80	2981.92	2980.54	2981.30	62	0	125
2025.04.07	23:17:00	2981.30	2982.06	2980.81	2981.94	49	0	137
2025.04.07	23:18:00	2981.99	2982.58	2981.39	2981.39	41	0	147
2025.04.07	23:19:00	2981.39	2982.27	2981.30	2982.12	33	0	130
2025.04.07	23:20:00	2982.13	2984.65	2981.91	2984.65	36	0	122
2025.04.07	23:21:00	2984.51	2984.80	2983.26	2983.44	34	0	125
2025.04.07	23:22:00	2983.44	2984.83	2983.10	2984.40	47	0	104
2025.04.07	23:23:00	2984.73	2985.17	2983.93	2984.22	42	0	91
2025.04.07	23:24:00	2984.21	2985.42	2984.08	2984.62	35	0	73
